,json_Ethics_think,Topic,Ethics_think_topics
0,User acknowledges the ethical considerations of using an AI tool for chat management,0,Label: Ethical Chatbot Development
1,User acknowledges ethical considerations when interacting with customers,3,Label: Ethical Considerations User Acknowledgments
2,User acknowledges ethical considerations but does not raise any concerns,5,Label: Ethical Considerations in User Acknowledgement
4,Ethical considerations are taken into account such as transparency and explainability of the chatbot's actions.,0,Label: Ethical Chatbot Development
5,User expresses trust in GenAI tool's ethical considerations,2,Label: Ethical Tool Satisfaction
6, The chatbot is designed with ethical considerations in mind such as avoiding bias and respecting user privacy,0,Label: Ethical Chatbot Development
8,User highlights the ethical considerations of using AI in customer interactions,1,Label: Ethical AI Development
9,User raises ethical consideration of ensuring customers have easy way to contact business,3,Label: Ethical Considerations User Acknowledgments
11,User acknowledges the ethical considerations of the tool's use,2,Label: Ethical Tool Satisfaction
14,User raises ethical concerns about AI's role in customer support,6,Label: Ethical Considerations in AI
16,User acknowledges ethical considerations,3,Label: Ethical Considerations User Acknowledgments
17,User highlights ethical considerations such as privacy and compliance,3,Label: Ethical Considerations User Acknowledgments
19,User mentions ethical considerations related to personalized communication with the business,3,Label: Ethical Considerations User Acknowledgments
20,No ethical concerns raised,5,Label: Ethical Considerations in User Acknowledgement
23,User acknowledges ethical considerations and appreciates Lyro's transparency,2,Label: Ethical Tool Satisfaction
25,User expresses satisfaction with the ethical considerations of the AI tool,2,Label: Ethical Tool Satisfaction
27,Ethical considerations in place for responsible use of chatbot AI,0,Label: Ethical Chatbot Development
28,User recognizes the importance of ethical considerations in AI development,1,Label: Ethical AI Development
31,User raises ethical considerations related to direct comms with customers,4,Label: Ethical Considerations in Personal Data Handling
34,"User recognizes tool's ethical considerations, such as privacy and bias",2,Label: Ethical Tool Satisfaction
35,"Addresses ethical considerations such as bias, privacy, and compliance",3,Label: Ethical Considerations User Acknowledgments
36,User expresses trust in the tool's ethical considerations and decision-making processes,2,Label: Ethical Tool Satisfaction
37,User raises ethical concerns about the tool's impact on their website's loading speeds,4,Label: Ethical Considerations in Personal Data Handling
39,User acknowledges ethical considerations in chatbot development and use,0,Label: Ethical Chatbot Development
40,User highlights ethical considerations when using the tool,2,Label: Ethical Tool Satisfaction
41,User expresses satisfaction with the tool's ethical considerations.,2,Label: Ethical Tool Satisfaction
42,User mentions no ethical concerns with using Lyro AI,5,Label: Ethical Considerations in User Acknowledgement
44,User expresses trust in the AI chat's ethical handling of messages and leads,0,Label: Ethical Chatbot Development
45,User expresses satisfaction with the chatbot's ethical considerations,0,Label: Ethical Chatbot Development
49,User expresses satisfaction with chatbot's ethical behavior,0,Label: Ethical Chatbot Development
50,No ethical concerns raised regarding chatbot's functionality or use,5,Label: Ethical Considerations in User Acknowledgement
51,User raises ethical concern about purchasing premium version,4,Label: Ethical Considerations in Personal Data Handling
52,User raises ethical considerations related to chatbot's personalized responses,0,Label: Ethical Chatbot Development
54,User highlights ethical considerations such as privacy and compliance,3,Label: Ethical Considerations User Acknowledgments
55,User acknowledges ethical considerations and expresses satisfaction with GenAI's approach,2,Label: Ethical Tool Satisfaction
57,User acknowledges ethical considerations when using the tool,2,Label: Ethical Tool Satisfaction
58,User raises ethical consideration of personal data usage,4,Label: Ethical Considerations in Personal Data Handling
59,User acknowledges the ethical considerations of using AI in their business,1,Label: Ethical AI Development
62,User expresses appreciation for the developer's ethical stance,2,Label: Ethical Tool Satisfaction
64,User acknowledges ethical considerations when interacting with clients,3,Label: Ethical Considerations User Acknowledgments
68,The chatbot's transparent and ethical approach to data handling and use is appreciated by the user.,0,Label: Ethical Chatbot Development
70,User expresses satisfaction with the ethical considerations of the tool,2,Label: Ethical Tool Satisfaction
73,User highlights the tool's ethical use of AI technology to provide personalized support.,1,Label: Ethical AI Development
74,User acknowledges the importance of ethical considerations in the tool's development and use,2,Label: Ethical Tool Satisfaction
75,User acknowledges ethical considerations in using lyro ai,1,Label: Ethical AI Development
80,"User acknowledges the importance of capturing leads safely and effectively, indicating ethical considerations were taken into account during the development and implementation of the tool",2,Label: Ethical Tool Satisfaction
86,User acknowledges ethical considerations when using chatbot,0,Label: Ethical Chatbot Development
87,User acknowledges ethical considerations and appreciates chatbot's ability to address them,0,Label: Ethical Chatbot Development
88,Company demonstrates ethical considerations in their business practices and product development,3,Label: Ethical Considerations User Acknowledgments
90,User raises ethical concern about providing personalized service,4,Label: Ethical Considerations in Personal Data Handling
91," The chatbot is designed with ethical considerations in mind, such as respecting customer privacy and avoiding bias,",0,Label: Ethical Chatbot Development
93," The chatbot is designed with ethical considerations in mind, such as respecting customers' privacy and avoiding biased responses,",0,Label: Ethical Chatbot Development
94,"User highlights the platform's ethical considerations, such as bias, privacy, and compliance",3,Label: Ethical Considerations User Acknowledgments
95,"User's positive feedback on the chat widget's effectiveness and ease of use suggests an ethical approach to lead qualification, prioritizing the user's needs and preferences",2,Label: Ethical Tool Satisfaction
97,The tool's developers prioritize ethical considerations in its development and deployment.,2,Label: Ethical Tool Satisfaction
101,User expresses satisfaction with the tool's ability to manage customer support queries efficiently,7,Label: Customer Support Lead Generation
105,User expresses satisfaction with the chatbot's performance and ethical considerations,0,Label: Ethical Chatbot Development
106,"User acknowledges ethical considerations, highlighting the importance of responsible AI development",1,Label: Ethical AI Development
108,User acknowledges ethical considerations but does not raise any concerns,5,Label: Ethical Considerations in User Acknowledgement
109,User sees the chatbot as ethical and responsible in its use of data,0,Label: Ethical Chatbot Development
110,User raises ethical consideration of using chatbot for lead generation,0,Label: Ethical Chatbot Development
114,"User acknowledges ethical considerations, such as personalized interactions outside of regular business hours.",3,Label: Ethical Considerations User Acknowledgments
116," User acknowledges ethical considerations by mentioning GDPR compliance, demonstrating a commitment to responsible AI development,",1,Label: Ethical AI Development
117,"User acknowledges the chat system's ethical considerations, such as bias and privacy protection, demonstrating a commitment to responsible AI development",1,Label: Ethical AI Development
118," User sees the bot as ethical and responsible in its interactions with customers,",0,Label: Ethical Chatbot Development
120,Concerns about ethical implications of using chatbot for lead qualification,0,Label: Ethical Chatbot Development
122,User highlights the ethical considerations of creating personalized responses that align with their brand identity,3,Label: Ethical Considerations User Acknowledgments
124,User expresses satisfaction with the tool's ethical considerations,2,Label: Ethical Tool Satisfaction
125,User raises ethical concerns about personal data collection,4,Label: Ethical Considerations in Personal Data Handling
128,Chatbot's use of visitor data is transparent and ethical,0,Label: Ethical Chatbot Development
130,User has acknowledged ethical considerations when developing chatbot,0,Label: Ethical Chatbot Development
131," The tool's focus on personalization, privacy, and compliance demonstrates a commitment to ethical practices,",3,Label: Ethical Considerations User Acknowledgments
132,User expresses satisfaction with AI tool's ethical considerations,2,Label: Ethical Tool Satisfaction
133,"User acknowledges ethical considerations, such as customization based on content security policy and customer support.",3,Label: Ethical Considerations User Acknowledgments
134,User raises ethical concerns about the use of AI in customer support,6,Label: Ethical Considerations in AI
135,"User acknowledges ethical considerations, such as privacy and bias",3,Label: Ethical Considerations User Acknowledgments
136,"Reviewer does not raise any ethical concerns about the service, indicating that they perceive it as ethical and responsible.",5,Label: Ethical Considerations in User Acknowledgement
137,User acknowledges importance of ethical considerations in chatbot development,0,Label: Ethical Chatbot Development
138,User acknowledges ethical considerations but sees no red flags,5,Label: Ethical Considerations in User Acknowledgement
139,"The tool is designed with ethical considerations in mind, such as avoiding biased responses and respecting user privacy.",2,Label: Ethical Tool Satisfaction
142,User expresses satisfaction with the tool's ability to solve two main problems: connecting with clients and capturing leads.,7,Label: Customer Support Lead Generation
143,User acknowledges the importance of ethical considerations in the development and deployment of AI tools,1,Label: Ethical AI Development
144,User recognizes importance of ethical considerations in automation,1,Label: Ethical AI Development
147,User raises ethical concern about limited customization options for non-paying users,4,Label: Ethical Considerations in Personal Data Handling
149,User recognizes the ethical implications of using AI in support requests,1,Label: Ethical AI Development
150,User acknowledges the importance of ethical considerations in Ai-powered customer support,1,Label: Ethical AI Development
151,User highlights chatbot's ability to solve complex questions,7,Label: Customer Support Lead Generation
154,"User acknowledges ethical considerations, suggesting product is designed with ethical principles in mind",3,Label: Ethical Considerations User Acknowledgments
155,User acknowledges ethical considerations but does not raise any concerns,5,Label: Ethical Considerations in User Acknowledgement
156,User acknowledges ethical considerations when interacting with the AI assistant,1,Label: Ethical AI Development
158,User highlights the importance of ethical considerations in the tool's development and use,2,Label: Ethical Tool Satisfaction
160,User acknowledges the importance of ethical considerations in the use of AI models,1,Label: Ethical AI Development
162,User highlights ethical considerations,3,Label: Ethical Considerations User Acknowledgments
164,User recognizes the ethical implications of personalized interactions,3,Label: Ethical Considerations User Acknowledgments
166,"User highlights the importance of ethical considerations when implementing AI tools in customer support, such as avoiding biases and respecting privacy.",1,Label: Ethical AI Development
167,"User acknowledges ethical considerations, such as providing personalized responses without compromising privacy",3,Label: Ethical Considerations User Acknowledgments
171,Users appreciate the chatbot's ability to handle sensitive topics with empathy and respect,0,Label: Ethical Chatbot Development
172,User acknowledges the ethical considerations of personalizing interactions based on data.,3,Label: Ethical Considerations User Acknowledgments
173,User highlights the tool's ethical considerations,2,Label: Ethical Tool Satisfaction
174,User acknowledges the importance of ethical considerations in tool development,2,Label: Ethical Tool Satisfaction
175,User expresses appreciation for the tool's ability to handle customer inquiries and resolve issues in an expedited manner,7,Label: Customer Support Lead Generation
176,User raises ethical consideration of reducing agent engagement and attempted troubleshooting with bot,6,Label: Ethical Considerations in AI
177,Importance of ethical considerations in developing and implementing AI-powered chatbot for customer support,0,Label: Ethical Chatbot Development
180,"User highlights the importance of the tool's ability to differentiate between simple and complex queries, indicating that it is designed with ethical considerations in mind.",2,Label: Ethical Tool Satisfaction
181,User acknowledges ethical considerations,3,Label: Ethical Considerations User Acknowledgments
182,User acknowledges ethical considerations and benefits of using GenAI,1,Label: Ethical AI Development
183,"User mentions the importance of targeting a broader audience through multiple channels, which could raise ethical considerations around data privacy and security",4,Label: Ethical Considerations in Personal Data Handling
185,User raises ethical considerations related to automation and personalization,4,Label: Ethical Considerations in Personal Data Handling
186,User recognizes importance of ethical considerations in data-driven decision-making,3,Label: Ethical Considerations User Acknowledgments
188,"User acknowledges ethical considerations, such as transparency and explainability, demonstrating a commitment to ethical AI development.",1,Label: Ethical AI Development
191,User highlights tool's ability to provide interactive and intelligent conversations that demonstrate the value of QA services,7,Label: Customer Support Lead Generation
193,"User highlights the ethical considerations of using AI chatbots, such as providing a human touch and reducing the burden of repetitive tasks for both customers and the support team.",0,Label: Ethical Chatbot Development
194,User highlights platform's ease of use and lack of learning curve for their team,7,Label: Customer Support Lead Generation
195,User acknowledges the importance of ethical considerations in chatbot development and praises GenAI's ease of use and customization capabilities.,0,Label: Ethical Chatbot Development
196,User acknowledges the importance of ethical considerations in marketing automation,1,Label: Ethical AI Development
197,User values ethical considerations,3,Label: Ethical Considerations User Acknowledgments
198,"The platform's focus on ethical considerations, such as transparency and privacy, is evident in its design and implementation.",3,Label: Ethical Considerations User Acknowledgments
199,"User highlights the platform's ability to deliver dynamic content and collect real-time feedback, demonstrating a commitment to ethical communication practices.",3,Label: Ethical Considerations User Acknowledgments
200,User demonstrates awareness of ethical considerations by highlighting the tool's ability to create personalized experiences that resonate with each customer.,3,Label: Ethical Considerations User Acknowledgments
201,User highlights the platform's unique personalized experience as a strategic advantage,7,Label: Customer Support Lead Generation
203,User recognizes the importance of ethical considerations in collecting and using customer data,3,Label: Ethical Considerations User Acknowledgments
204,User recognizes ethical considerations in tool's design and operation,2,Label: Ethical Tool Satisfaction
206," User raises ethical considerations related to customization and control over the platform,",4,Label: Ethical Considerations in Personal Data Handling
207,User acknowledges importance of ethical considerations,3,Label: Ethical Considerations User Acknowledgments
208,"User raises ethical considerations, such as privacy and compliance, demonstrating a thoughtful approach to ethical decision-making",3,Label: Ethical Considerations User Acknowledgments
212,User acknowledges the importance of ethical considerations in the development and deployment of conversational AI tools,1,Label: Ethical AI Development
213,User acknowledges the ethical considerations of using conversational AI in the design process,1,Label: Ethical AI Development
214,"The user acknowledges the importance of ethical considerations in AI development, highlighting the platform's potential to address these concerns.",1,Label: Ethical AI Development
215,User highlights the importance of ethical considerations in the development and use of AI tools,1,Label: Ethical AI Development
216,User raises ethical considerations but no details provided,4,Label: Ethical Considerations in Personal Data Handling
219,"User recognizes the ethical implications of using AI in customer engagement and operations, and sees the platform as a responsible solution",1,Label: Ethical AI Development
220,User highlights the ethical considerations of the algorithm's ability to facilitate meaningful connections,1,Label: Ethical AI Development
222,User raises ethical considerations related to personal data handling,4,Label: Ethical Considerations in Personal Data Handling
223," User raises ethical considerations related to data privacy and security,",4,Label: Ethical Considerations in Personal Data Handling
227,User highlights the platform's potential for ethical use cases,2,Label: Ethical Tool Satisfaction
228,The platform's focus on providing simple and lightweight solutions for customers in underdeveloped regions highlights its ethical considerations and prioritization of user well-being.,2,Label: Ethical Tool Satisfaction
229,User acknowledges the importance of ethical considerations in the use of AI tools,1,Label: Ethical AI Development
230,User acknowledges the ethical considerations of personalized conversational solutions,3,Label: Ethical Considerations User Acknowledgments
232,User raises ethical concern about potential expansion of support,4,Label: Ethical Considerations in Personal Data Handling
236,User raises ethical considerations related to chatbot development and deployment,0,Label: Ethical Chatbot Development
237,User raises ethical concerns about the tool's potential impact on their support team's jobs.,6,Label: Ethical Considerations in AI
239,User expresses satisfaction with tool's ability to simplify complex processes,7,Label: Customer Support Lead Generation
243,User mentions ethical considerations related to chatbot's personalized responses and actions,0,Label: Ethical Chatbot Development
244,User raises ethical considerations regarding chatbot's ability to capture leads from multiple platforms,0,Label: Ethical Chatbot Development
246,User raises ethical considerations related to transparency and explainability,4,Label: Ethical Considerations in Personal Data Handling
249,"User highlights the importance of ethical considerations when developing chatbots, particularly in terms of privacy and compliance.",0,Label: Ethical Chatbot Development
253," User highlights platform's ability to create personalized experiences without compromising ethical standards,",3,Label: Ethical Considerations User Acknowledgments
259,User acknowledges importance of ethical considerations in chatbot development,0,Label: Ethical Chatbot Development
264,User highlights the importance of ethical considerations in developing and deploying AI tools.,1,Label: Ethical AI Development
265,User mentions ethical considerations when using the chatbot.,0,Label: Ethical Chatbot Development
266," User raises ethical considerations related to the tool's potential impact on society, such as ensuring fairness and avoiding unintended consequences,",4,Label: Ethical Considerations in Personal Data Handling
268,User has considered ethical implications of custom interactions,3,Label: Ethical Considerations User Acknowledgments
270,User acknowledges the importance of ethical considerations in AI development and appreciates the platform's commitment to responsible AI practices,1,Label: Ethical AI Development
272,User acknowledges the importance of ethical considerations in the development and deployment of AI tools,1,Label: Ethical AI Development
275,Users recognize the importance of ethical considerations in content creation,3,Label: Ethical Considerations User Acknowledgments
276,User raises ethical concern about AI assistants working together in studio,6,Label: Ethical Considerations in AI
277,"User highlights chatbot's ability to execute code directly in chat sequence, which could raise ethical concerns around transparency and explainability, but no explicit mention of these issues.",0,Label: Ethical Chatbot Development
280,User acknowledges the importance of ethical considerations in chatbot development.,0,Label: Ethical Chatbot Development
281,User expresses satisfaction with the tool's ethical considerations,2,Label: Ethical Tool Satisfaction
282,User acknowledges ethical considerations,3,Label: Ethical Considerations User Acknowledgments
283,User acknowledges the importance of ethical considerations in chatbot development and believes the tool addresses these concerns.,0,Label: Ethical Chatbot Development
286,User raises ethical considerations related to the chatbot's ability to understand and respond to user queries,0,Label: Ethical Chatbot Development
288," User recognizes the importance of ethical considerations in the development and deployment of AI tools,",1,Label: Ethical AI Development
289,User acknowledges the importance of ethical considerations in developing and using the tool.,2,Label: Ethical Tool Satisfaction
290,User raises ethical considerations regarding chatbot's role in providing services,0,Label: Ethical Chatbot Development
291,User wants to ensure their chatbot provides accurate and official information to avoid any confusion or misinformation,0,Label: Ethical Chatbot Development
293,User's positive experience and lack of ethical concerns suggest the tool is responsible and ethical.,5,Label: Ethical Considerations in User Acknowledgement
294,"User raises ethical concerns about the chatbot's abilities and limitations, wanting more advanced features and better explanations",0,Label: Ethical Chatbot Development
296,"The reviewer expresses appreciation for the platform's transparent and active development process, suggesting a strong ethical stance.",2,Label: Ethical Tool Satisfaction
297,User raises ethical considerations related to the tool's accuracy and potential for improvement.,4,Label: Ethical Considerations in Personal Data Handling
299,User raises ethical considerations related to AI use in business,6,Label: Ethical Considerations in AI
301,User highlights the importance of ethical considerations in chatbot development,0,Label: Ethical Chatbot Development
302,User acknowledges ethical considerations when creating bots,0,Label: Ethical Chatbot Development
303,User is aware of the ethical implications of using AI bots and takes steps to ensure responsible use,1,Label: Ethical AI Development
305,User has demonstrated awareness of ethical considerations in chatbot development,0,Label: Ethical Chatbot Development
307,User raises ethical consideration about providing content from various sources,4,Label: Ethical Considerations in Personal Data Handling
310,"User highlights the tool's ability to create a customized bot based on knowledge base articles, which suggests an ethical approach to AI development.",0,Label: Ethical Chatbot Development
311,"Users appreciate the chatbot's ethical approach to data collection and use, which prioritizes customer privacy and consent.",0,Label: Ethical Chatbot Development
313,User raises ethical concern about creating personalized responses based on educational materials,4,Label: Ethical Considerations in Personal Data Handling
314,User mentions the importance of customization options,7,Label: Customer Support Lead Generation
315,User acknowledges ethical considerations when creating bots,0,Label: Ethical Chatbot Development
316,User acknowledges ethical considerations,3,Label: Ethical Considerations User Acknowledgments
317,User mentions the AI assistant helps with customer support FAQ answers.,7,Label: Customer Support Lead Generation
321,User expresses satisfaction with the tool's ethical considerations,2,Label: Ethical Tool Satisfaction
322,User raises ethical concerns about the use of AI in chatbots,6,Label: Ethical Considerations in AI
326,User raises ethical concerns about tool's impact on customer relationships,4,Label: Ethical Considerations in Personal Data Handling
327,User's positive feedback and lack of ethical concerns suggest the tool operates within ethical guidelines.,5,Label: Ethical Considerations in User Acknowledgement
333,User acknowledges the importance of ethical considerations in developing and using AI tools,1,Label: Ethical AI Development
334,User expresses satisfaction with the tool's ethical considerations,2,Label: Ethical Tool Satisfaction
335,"The tool's creators prioritize ethical considerations when designing and implementing the AI system, resulting in a responsible and trustworthy product.",1,Label: Ethical AI Development
336,"The chatbot is designed with ethical considerations in mind, avoiding any potential biases or harmful interactions with customers.",0,Label: Ethical Chatbot Development
338,User acknowledges ethical considerations in tool's design and functionality,2,Label: Ethical Tool Satisfaction
339,User acknowledges ethical considerations in chatbot development,0,Label: Ethical Chatbot Development
342,The tool's personalized responses align with ethical standards,3,Label: Ethical Considerations User Acknowledgments
344,User acknowledges the ethical implications of integrating AI into their company's operations,1,Label: Ethical AI Development
345,User acknowledges the importance of ethical considerations in AI development,1,Label: Ethical AI Development
346,User acknowledges ethical considerations and appreciates tool's approach,2,Label: Ethical Tool Satisfaction
348,"User recognizes the importance of ethical considerations in AI development, such as transparency and accountability",1,Label: Ethical AI Development
349,User mentions that the tool helps with ethical considerations such as bias and privacy,2,Label: Ethical Tool Satisfaction
350,"Intercom prioritizes ethical considerations in their support interactions, such as avoiding bias and protecting customer privacy.",3,Label: Ethical Considerations User Acknowledgments
352,Users appreciate the ethical considerations and transparency,2,Label: Ethical Tool Satisfaction
353,User acknowledges potential ethical considerations but does not raise significant concerns,5,Label: Ethical Considerations in User Acknowledgement
357,User raises ethical concerns about the app's use of AI,6,Label: Ethical Considerations in AI
358,"User highlights the tool's ability to handle emails efficiently and communicate with customers in a transparent manner, demonstrating ethical considerations",2,Label: Ethical Tool Satisfaction
359,"User acknowledges ethical considerations, such as bias and privacy, and finds the tool to be compliant",2,Label: Ethical Tool Satisfaction
362,User recognizes the importance of ethical considerations in AI development.,1,Label: Ethical AI Development
364,User raises ethical consideration of chatbot's ability to handle sensitive customer information,0,Label: Ethical Chatbot Development
365,User acknowledges ethical considerations in chatbot's design,0,Label: Ethical Chatbot Development
366,User acknowledges importance of ethical considerations in AI-powered tools,1,Label: Ethical AI Development
368,"The platform prioritizes ethical considerations, such as transparency, consent, and respect for user privacy, in its development and deployment.",3,Label: Ethical Considerations User Acknowledgments
369,User raises ethical considerations related to the tool's use of personal data,4,Label: Ethical Considerations in Personal Data Handling
371,"The chatbot is designed with ethical considerations in mind, such as respecting customer privacy and avoiding biased responses.",0,Label: Ethical Chatbot Development
374,"User raises ethical considerations related to data privacy and security, highlighting the importance of responsible AI development.",1,Label: Ethical AI Development
378,User acknowledges the importance of ethical considerations in the development and deployment of AI tools,1,Label: Ethical AI Development
382,"User mentions the company's ethical approach to business, citing their commitment to reducing load on the support desk team and handling problems outside of office hours.",3,Label: Ethical Considerations User Acknowledgments
383,"User acknowledges the ethical considerations of the chatbot, such as bias and privacy",0,Label: Ethical Chatbot Development
385,User acknowledges the tool's potential to improve customer support experience while raising ethical considerations,2,Label: Ethical Tool Satisfaction
386,"User acknowledges ethical considerations, such as bias and privacy",3,Label: Ethical Considerations User Acknowledgments
390,No ethical concerns mentioned,5,Label: Ethical Considerations in User Acknowledgement
391,User highlights ethical considerations such as privacy and compliance,3,Label: Ethical Considerations User Acknowledgments
394,"User mentions 'automizing our whole customer support' without any ethical concerns, indicating a positive view of the tool's ethical implications",2,Label: Ethical Tool Satisfaction
397,User expresses ethical concerns about the AI assistant's ability to create uniform answers,6,Label: Ethical Considerations in AI
398,User raises ethical considerations related to AI tool's performance,6,Label: Ethical Considerations in AI
399,User acknowledges ethical considerations in chatbot development,0,Label: Ethical Chatbot Development
402,User acknowledges the importance of ethical considerations in AI development,1,Label: Ethical AI Development
406,User acknowledges ethical considerations in their response,3,Label: Ethical Considerations User Acknowledgments
408,User acknowledges the importance of ethical considerations in chatbot development,0,Label: Ethical Chatbot Development
409,User acknowledges ethical considerations in chatbot creation,0,Label: Ethical Chatbot Development
411,"User expresses satisfaction with the tool's ability to handle customer inquiries in a more human-like way, implying a commitment to ethical and responsible AI development.",2,Label: Ethical Tool Satisfaction
418,User raises ethical considerations related to AI development and deployment,6,Label: Ethical Considerations in AI
420,User acknowledges the importance of ethical considerations in chatbot development,0,Label: Ethical Chatbot Development
421,User acknowledges potential ethical considerations but does not raise any specific concerns,5,Label: Ethical Considerations in User Acknowledgement
422,User raises ethical considerations related to personal data usage,4,Label: Ethical Considerations in Personal Data Handling
424,User acknowledges the importance of ethical considerations when creating chatbots and interfaces.,0,Label: Ethical Chatbot Development
428,User acknowledges ethical considerations when building chatbots,0,Label: Ethical Chatbot Development
430," Algorithms prioritize fairness, respect, and inclusivity in conversations,",3,Label: Ethical Considerations User Acknowledgments
431,User acknowledges the tool's ethical considerations and potential impact on society.,2,Label: Ethical Tool Satisfaction
432,User raises ethical considerations related to collecting feedback surveys from customers.,4,Label: Ethical Considerations in Personal Data Handling
433,User acknowledges importance of ethical considerations in AI development,1,Label: Ethical AI Development
434,User acknowledges the importance of ethical considerations in conversational AI development,1,Label: Ethical AI Development
436,User acknowledges the importance of ethical considerations in chatbot development,0,Label: Ethical Chatbot Development
437,"User highlights the tool's ability to address significant challenges in pet adoption and ownership, such as everyday pet health behavior, nutrition, and wellness issues.",7,Label: Customer Support Lead Generation
438," User raises ethical consideration of responsible AI use,",1,Label: Ethical AI Development
439,User recognizes the importance of ethical considerations in chatbot and voice solution development,0,Label: Ethical Chatbot Development
440,"User acknowledges the tool's ethical considerations, such as bias and privacy, and expresses confidence in its compliance with ethical standards.",2,Label: Ethical Tool Satisfaction
442,"User does not mention any ethical concerns, but highlights the tool's ability to handle complex security and compliance requirements through collaboration with a large group of stakeholders.",2,Label: Ethical Tool Satisfaction
443,User acknowledges the importance of ethical considerations when building AI agents.,1,Label: Ethical AI Development
444,User acknowledges the importance of ethical considerations in AI development and deployment.,1,Label: Ethical AI Development
446,User acknowledges ethical considerations but does not provide further details,3,Label: Ethical Considerations User Acknowledgments
447,Users acknowledge ethical considerations when creating chatbots,0,Label: Ethical Chatbot Development
448,User acknowledges importance of ethical considerations in AI development,1,Label: Ethical AI Development
449,User raises ethical concern about potential learning curve and glitchiness,4,Label: Ethical Considerations in Personal Data Handling
451,User acknowledges ethical considerations in using GenAI tool,1,Label: Ethical AI Development
452,User mentions the importance of ethical considerations when creating chatbots.,0,Label: Ethical Chatbot Development
453,"Implementation adheres to ethical guidelines for chatbot development, such as avoiding harmful or offensive responses",0,Label: Ethical Chatbot Development
454,"User highlights the tool's willingness to listen to suggestions for improvement, indicating a commitment to ethical considerations.",2,Label: Ethical Tool Satisfaction
455,User mentions the importance of ethical considerations in creating bot conversations,0,Label: Ethical Chatbot Development
457,User acknowledges importance of ethical considerations in AI use,1,Label: Ethical AI Development
458,User highlights ethical considerations of personalized customer experiences,3,Label: Ethical Considerations User Acknowledgments
459,User acknowledges ethical considerations but does not raise any concerns,5,Label: Ethical Considerations in User Acknowledgement
461,"User acknowledges the AI tool's ability to handle tickets efficiently while also providing personalized responses, suggesting strong ethical considerations",1,Label: Ethical AI Development
462,User raises ethical considerations related to personal data handling,4,Label: Ethical Considerations in Personal Data Handling
463,User acknowledges ethical considerations but does not raise any concerns,5,Label: Ethical Considerations in User Acknowledgement
464,Personalized interactions and regular calls for improvement align with ethical considerations,3,Label: Ethical Considerations User Acknowledgments
465,Their commitment to ethical considerations is evident in their tailored responses and custom integrations,3,Label: Ethical Considerations User Acknowledgments
467,User expresses satisfaction with the company's ethical practices and commitment to improving customer experience,2,Label: Ethical Tool Satisfaction
468," User recognizes the importance of ethical considerations in AI development and deployment,",1,Label: Ethical AI Development
469,CEO's involvement suggests ethical considerations are taken seriously,3,Label: Ethical Considerations User Acknowledgments
470,"User acknowledges AI-powered support as 'truly amazing' and 'amazing', indicating positive ethical considerations",1,Label: Ethical AI Development
471,User acknowledges ethical considerations are addressed,3,Label: Ethical Considerations User Acknowledgments
472,User acknowledges ethical considerations in Ai's development and deployment,1,Label: Ethical AI Development
475,User acknowledges ethical considerations in personalized responses,3,Label: Ethical Considerations User Acknowledgments
477,"The user highlights the tool's ability to understand and respond to customer queries accurately and efficiently, demonstrating a commitment to ethical considerations.",2,Label: Ethical Tool Satisfaction
478,User acknowledges the importance of ethical considerations in using AI for customer support,1,Label: Ethical AI Development
480,"The tool operates ethically, providing transparent and honest responses to customer inquiries, without any hidden agendas or biases.",2,Label: Ethical Tool Satisfaction
482,User acknowledges the importance of ethical considerations in AI development and deployment,1,Label: Ethical AI Development
483,User acknowledges ethical considerations and appreciates the tool's ability to handle customer inquiries in a responsible manner,2,Label: Ethical Tool Satisfaction
485,"User highlights the ethical considerations of using Glean AI, including accuracy, privacy, and compliance.",1,Label: Ethical AI Development
486,User acknowledges ethical considerations but does not raise any concerns,5,Label: Ethical Considerations in User Acknowledgement
487,User acknowledges ethical considerations but does not raise any concerns,5,Label: Ethical Considerations in User Acknowledgement
488,"User acknowledges the ethical considerations of the AI tool, such as privacy and bias",1,Label: Ethical AI Development
489,User acknowledges ethical considerations and appreciates AI's ability to handle sensitive topics,1,Label: Ethical AI Development
491,User acknowledges ethical considerations when implementing AI in customer support,1,Label: Ethical AI Development
493,User mentions ethical considerations such as privacy and bias,4,Label: Ethical Considerations in Personal Data Handling
494,User acknowledges ethical considerations by mentioning 'democratizing access to highly valuable answers',3,Label: Ethical Considerations User Acknowledgments
497,User acknowledges AI's potential ethical implications,1,Label: Ethical AI Development
498,"User acknowledges the ethical implications of using AI for environmental sustainability, such as reducing human impact on the environment",1,Label: Ethical AI Development
499,"User expresses satisfaction with the tool's performance, implying that they believe the tool operates ethically.",2,Label: Ethical Tool Satisfaction
500,"User recognizes the ethical benefits of AI, such as improved customer satisfaction and reduced agent churn, which can lead to a more positive work environment.",1,Label: Ethical AI Development
501,Users can rate responses for ethical considerations,3,Label: Ethical Considerations User Acknowledgments
502,User expresses satisfaction with the tool's ability to help account managers find sales information from their database in an easy and conversational manner.,7,Label: Customer Support Lead Generation
503,"User acknowledges the ethical considerations of using AI in customer query handling, e.g., 'initial hesitancy to adopt AI within our team was a challenge'",6,Label: Ethical Considerations in AI
504,User highlights the ethical considerations of using AI in customer service,1,Label: Ethical AI Development
505,User raises ethical considerations related to AI's potential impact on jobs,6,Label: Ethical Considerations in AI
507,"Addressing ethical considerations such as transparency, explainability, and accountability",3,Label: Ethical Considerations User Acknowledgments
508,User acknowledges ethical considerations in chatbot development,0,Label: Ethical Chatbot Development
509," User expresses ethical concerns about the bot's actions,",6,Label: Ethical Considerations in AI
511,"User mentions the tool's ability to design narrative and control conversation flow, which could potentially raise ethical concerns around transparency and accountability.",4,Label: Ethical Considerations in Personal Data Handling
513,"The tool is designed with ethical considerations in mind, such as transparency and accountability.",2,Label: Ethical Tool Satisfaction
514,"User highlights the platform's ability to provide new communication channels for customers, while also supporting their customer operation team, demonstrating ethical considerations.",3,Label: Ethical Considerations User Acknowledgments
515,User acknowledges ethical considerations in chatbot creation,0,Label: Ethical Chatbot Development
517,User acknowledges ethical considerations when creating chatbot,0,Label: Ethical Chatbot Development
521,"User raises ethical considerations related to AI, such as transparency and explainability",1,Label: Ethical AI Development
522,User highlights the tool's ease of use and customization options as positive aspects,7,Label: Customer Support Lead Generation
523,User raises ethical consideration of chatbot handling customer data.,0,Label: Ethical Chatbot Development
525,User found the platform to be ethical and responsible in its use of AI technology.,1,Label: Ethical AI Development
526,User acknowledges the importance of ethical considerations in AI development,1,Label: Ethical AI Development
527,User acknowledges the importance of ethical considerations in chatbot development.,0,Label: Ethical Chatbot Development
528,User finds AI helpful in solving issues of other users,7,Label: Customer Support Lead Generation
530,User expresses ethical concerns about potential biases in pre-built entities' training,4,Label: Ethical Considerations in Personal Data Handling
531,Ethical considerations mentioned,3,Label: Ethical Considerations User Acknowledgments
532,User raises ethical concerns about the chatbot's performance,0,Label: Ethical Chatbot Development
533,User expresses satisfaction with the tool's ability to create chatbots without any ethical concerns.,5,Label: Ethical Considerations in User Acknowledgement
539,"User mentions accuracy and ease of use, suggesting a positive view of the tool's ethical implications",2,Label: Ethical Tool Satisfaction
540,Transparency regarding NLP algorithms and data sources promotes trustworthiness,7,Label: Customer Support Lead Generation
541,User acknowledges the importance of ethical considerations in implementing AI tools for customer support.,1,Label: Ethical AI Development
542,User raises ethical considerations related to AI's potential impact on jobs,6,Label: Ethical Considerations in AI
543,User recognizes the importance of ethical considerations in conversational AI development,1,Label: Ethical AI Development
545,"User does not raise any ethical concerns, suggesting a responsible and ethical approach to chatbot development.",0,Label: Ethical Chatbot Development
549,User expresses satisfaction with the tool's ethical considerations.,2,Label: Ethical Tool Satisfaction
550,User acknowledges the importance of ethical considerations in chatbot development.,0,Label: Ethical Chatbot Development
551,User's focus on ease of integration and customization raises questions about ethical considerations around chatbot development.,0,Label: Ethical Chatbot Development
552,"Importance of ethical considerations in chatbot development and integration, such as transparency and accountability",0,Label: Ethical Chatbot Development
554," User expresses ethical concerns about the bot's actions,",6,Label: Ethical Considerations in AI
557,User acknowledges the importance of ethical considerations in AI development.,1,Label: Ethical AI Development
558,User highlights importance of ethical considerations in chatbot development,0,Label: Ethical Chatbot Development
559,User acknowledges the platform's potential to address ethical challenges in AI-powered customer interactions,1,Label: Ethical AI Development
561,"User mentions ease of use and ability to design narrative, suggesting a positive view of the tool's ethical implications.",2,Label: Ethical Tool Satisfaction
562,User acknowledges the importance of ethical considerations in building and customizing bots.,0,Label: Ethical Chatbot Development
564,User acknowledges ethical considerations when creating custom workflows,3,Label: Ethical Considerations User Acknowledgments
566,"The chatbot adheres to ethical standards, fostering trust and credibility among users.",0,Label: Ethical Chatbot Development
568,User acknowledges ethical considerations in chatbot creation,0,Label: Ethical Chatbot Development
569,"User expresses satisfaction with the bot's performance, suggesting a positive ethical evaluation.",2,Label: Ethical Tool Satisfaction
570,User acknowledges the importance of ethical considerations in chatbot development,0,Label: Ethical Chatbot Development
571,User acknowledges ethical considerations when using the platform,3,Label: Ethical Considerations User Acknowledgments
572,User acknowledges the importance of ethical considerations in chatbot development.,0,Label: Ethical Chatbot Development
574,User acknowledges the importance of ethical considerations in AI development and deployment.,1,Label: Ethical AI Development
575,User acknowledges the importance of ethical considerations in developing AI tools.,1,Label: Ethical AI Development
578,"User raises ethical considerations related to AI, such as transparency and explainability",1,Label: Ethical AI Development
581,User highlights the tool's ease of use and customization options,7,Label: Customer Support Lead Generation
582,User mentions ethical considerations when creating custom bot,0,Label: Ethical Chatbot Development
585,User expresses satisfaction with ethical considerations,2,Label: Ethical Tool Satisfaction
586,User recognizes the importance of ethical considerations in AI development and deployment,1,Label: Ethical AI Development
587,User found the platform's ease of use and minimal programming requirements to be ethically sound.,5,Label: Ethical Considerations in User Acknowledgement
593,"Emphasis on building automated conversational agents and chatbots using AI, aligning with ethical considerations",0,Label: Ethical Chatbot Development
594,User acknowledges ethical considerations and potential biases,3,Label: Ethical Considerations User Acknowledgments
599,User acknowledges the importance of ethical considerations in chatbot development.,0,Label: Ethical Chatbot Development
601,User raises ethical concerns about the AI tool's ability to provide complete error information during debugging,6,Label: Ethical Considerations in AI
602,User expresses satisfaction with the platform's ability to build intelligent chatbots and virtual assistants without raising ethical concerns,0,Label: Ethical Chatbot Development
603,User raises ethical concerns about transparency and explainability,4,Label: Ethical Considerations in Personal Data Handling
607,User raises ethical considerations related to the platform's use of AI,6,Label: Ethical Considerations in AI
609,User raises ethical considerations related to the platform's use of NLP,4,Label: Ethical Considerations in Personal Data Handling
614,"User highlights the importance of automating customized responses to consumer intents, indicating ethical considerations",3,Label: Ethical Considerations User Acknowledgments
615,User expresses satisfaction with the simplicity and ease of use of the AI tool.,7,Label: Customer Support Lead Generation
616,User acknowledges ethical considerations when building chatbots.,0,Label: Ethical Chatbot Development
617,User's positive feedback on the platform's ability to create bots that are both functional and ethical suggests a strong focus on ethical considerations.,0,Label: Ethical Chatbot Development
618,User expresses desire for more evolved digital forms,7,Label: Customer Support Lead Generation
619,"User raises ethical concerns about platform bugs and difficulty in debugging, potentially leading to biased responses",4,Label: Ethical Considerations in Personal Data Handling
622,User raises ethical concerns about the chatbot's performance,0,Label: Ethical Chatbot Development
624,User acknowledges ethical considerations and expresses satisfaction with the chatbot's performance,0,Label: Ethical Chatbot Development
625,"User acknowledges the tool's ability to help with interactive AI development, highlighting ethical considerations such as fairness and accountability.",1,Label: Ethical AI Development
626,User acknowledges the ethical implications of AI technology,1,Label: Ethical AI Development
629,User expresses satisfaction with the ethical considerations of the AI assistant,2,Label: Ethical Tool Satisfaction
633,User raises ethical considerations related to AI assistants' responses,6,Label: Ethical Considerations in AI
634,User expresses satisfaction with the tool's ethical considerations,2,Label: Ethical Tool Satisfaction
636,User acknowledges ethical considerations in bot development,0,Label: Ethical Chatbot Development
637,User expresses satisfaction with the chatbot's ethical considerations,0,Label: Ethical Chatbot Development
641,"User mentions accuracy and ease of use, suggesting a positive view of the tool's ethical implications",2,Label: Ethical Tool Satisfaction
642,User highlights importance of ethical considerations in AI tool development,1,Label: Ethical AI Development
645,"The chatbot's development and deployment must adhere to ethical standards, such as avoiding biased decision-making and protecting user privacy.",0,Label: Ethical Chatbot Development
647,User acknowledges the tool's ability to provide relevant articles and resolve issues,7,Label: Customer Support Lead Generation
648," The tool's personalized interactions and recommendations raise ethical questions about accountability and transparency,",4,Label: Ethical Considerations in Personal Data Handling
650,User raises ethical concerns about the use of AI in issue resolution,6,Label: Ethical Considerations in AI
652,"User highlights the tool's ability to provide valuable insights into sales calls while also respecting privacy and compliance concerns, indicating a strong ethical stance.",2,Label: Ethical Tool Satisfaction
653,User raises ethical considerations related to personalized interactions,4,Label: Ethical Considerations in Personal Data Handling
654,User's positive feedback on the tool's personalization and ease of use suggests a strong ethical framework.,2,Label: Ethical Tool Satisfaction
656,User acknowledges the tool's ability to provide a 'good approach to project management',7,Label: Customer Support Lead Generation
658,"The reviewer highlights the tool's ability to provide personalized content and communication styles, demonstrating a commitment to ethical considerations in AI development.",2,Label: Ethical Tool Satisfaction
659,User acknowledges the importance of ethical considerations in the development and deployment of AI tools.,1,Label: Ethical AI Development
660,User acknowledges ethical considerations but does not raise any concerns,5,Label: Ethical Considerations in User Acknowledgement
662,User acknowledges the AI's ability to personalize responses while also addressing ethical considerations,3,Label: Ethical Considerations User Acknowledgments
664,User acknowledges the importance of ethical considerations in using the tool,2,Label: Ethical Tool Satisfaction
667,User acknowledges ethical considerations but does not raise any concerns,5,Label: Ethical Considerations in User Acknowledgement
668,User acknowledges ethical considerations and expresses satisfaction with the tool's performance,2,Label: Ethical Tool Satisfaction
670," User mentions that the tool's use of AI and personalized interactions aligns with ethical principles,",1,Label: Ethical AI Development
672,Ethical considerations and responsible use of AI highlighted,1,Label: Ethical AI Development
673,User acknowledges ethical considerations,3,Label: Ethical Considerations User Acknowledgments
674,User expresses satisfaction with the tool's ethical considerations,2,Label: Ethical Tool Satisfaction
675,User acknowledges ethical considerations and expresses satisfaction with the tool's performance,2,Label: Ethical Tool Satisfaction
676," User mentions that the tool's use of AI and personalized interactions aligns with ethical considerations,",1,Label: Ethical AI Development
678,User raises ethical considerations,4,Label: Ethical Considerations in Personal Data Handling
679,User expresses satisfaction with the tool's ethical considerations,2,Label: Ethical Tool Satisfaction
681,User recognizes ethical considerations in personalized responses,3,Label: Ethical Considerations User Acknowledgments
682,User acknowledges ethical considerations in tool's design,2,Label: Ethical Tool Satisfaction
683,"User acknowledges ethical considerations, such as bias and privacy",3,Label: Ethical Considerations User Acknowledgments
685,User expresses trust in the tool's ethical framework and decision-making process,2,Label: Ethical Tool Satisfaction
686,User acknowledges the importance of ethical considerations in developing and implementing the tool.,2,Label: Ethical Tool Satisfaction
687,No ethical concerns raised,5,Label: Ethical Considerations in User Acknowledgement
689,User mentions the importance of ethical considerations in the development and deployment of the bot,0,Label: Ethical Chatbot Development
691," User highlights the tool's ability to handle complex customer pathways, suggesting a high level of ethical consideration,",2,Label: Ethical Tool Satisfaction
692,User acknowledges importance of ethical considerations,3,Label: Ethical Considerations User Acknowledgments
693,User acknowledges ethical considerations when using the tool,2,Label: Ethical Tool Satisfaction
695," User recognizes the tool's ethical considerations, such as transparency and accountability,",2,Label: Ethical Tool Satisfaction
698,"User acknowledges ethical considerations, such as personal data handling",3,Label: Ethical Considerations User Acknowledgments
700,User acknowledges ethical considerations,3,Label: Ethical Considerations User Acknowledgments
701,"User acknowledges the tool's ethical considerations, such as transparency and explainability, which suggests a commitment to ethical practices.",2,Label: Ethical Tool Satisfaction
703,"User highlights tool's ethical considerations, such as privacy and compliance",3,Label: Ethical Considerations User Acknowledgments
704,"User highlights the ethical considerations of the tool, such as privacy and bias",4,Label: Ethical Considerations in Personal Data Handling
705,User highlights the tool's ability to provide personalized solutions while maintaining ethical standards,2,Label: Ethical Tool Satisfaction
706,User's positive feedback and lack of ethical concerns suggest a strong commitment to ethical principles,5,Label: Ethical Considerations in User Acknowledgement
707,User raises ethical concern about personalized interactions,4,Label: Ethical Considerations in Personal Data Handling
708," The chatbot's use of AI raises ethical considerations, such as transparency and accountability,",0,Label: Ethical Chatbot Development
709,User acknowledges ethical considerations when creating customized workflows,3,Label: Ethical Considerations User Acknowledgments
710,User acknowledges ethical considerations were taken into account during development,3,Label: Ethical Considerations User Acknowledgments
712,Emphasis on customizable automations aligns with ethical considerations,3,Label: Ethical Considerations User Acknowledgments
713,"User expresses trust in the tool's ethical considerations, such as respecting privacy and providing appropriate solutions.",2,Label: Ethical Tool Satisfaction
714,User highlights the importance of partnering with Replicant for continued expansion and optimization of their integration.,7,Label: Customer Support Lead Generation
715,User highlights the importance of ethical considerations in developing and implementing the tool,2,Label: Ethical Tool Satisfaction
716,User raises ethical considerations related to the AI tool's performance and accuracy,6,Label: Ethical Considerations in AI
718,User acknowledges ethical considerations in AI implementation,1,Label: Ethical AI Development
719,User acknowledges the importance of ethical considerations in AI development,1,Label: Ethical AI Development
720,"Ethical considerations mentioned, including customization and privacy",3,Label: Ethical Considerations User Acknowledgments
721," The tool's creators prioritize ethical considerations in its development and use,",2,Label: Ethical Tool Satisfaction
722,User acknowledges ethical considerations,3,Label: Ethical Considerations User Acknowledgments
723,User does not raise any ethical concerns about the bot's decision-making processes or data handling practices.,5,Label: Ethical Considerations in User Acknowledgement
724,User appreciates the ethical considerations taken into account by the company,2,Label: Ethical Tool Satisfaction
725,User acknowledges ethical considerations in customized solutions,3,Label: Ethical Considerations User Acknowledgments
730," The tool is designed with ethical considerations in mind, ensuring fairness, transparency, and respect for users' privacy and autonomy,",2,Label: Ethical Tool Satisfaction
731,"The tool's potential biases and lack of transparency raise ethical concerns, emphasizing the need for responsible AI development and deployment.",6,Label: Ethical Considerations in AI
