,json_Hyp_response,Topic,Process_think_topics
0,The AI assistant provides tailored responses based on user input,4,AI Assistant Provides Tailored Responses
1,User mentions customized responses based on customer preferences,0,Customized Responses Based User Input
2,The ability to create custom chatbot responses based on user input allows for more personalized interactions,1,Chatbot Personalized Responses
3,User received helpful responses from AI assistant,4,AI Assistant Provides Tailored Responses
4,The chatbox feature allows for real-time responses and engagement with customers leading to increased bookings.,3,Chatbot Customer Satisfaction
5,User reports positive response from chatbot including empathy and helpfulness,3,Chatbot Customer Satisfaction
6, The chatbot's ability to understand and respond to user queries in a personalized manner has greatly improved our customer service and lead generation efforts.,3,Chatbot Customer Satisfaction
7,User wants to explore more features of GenAI to improve customer service,8,Marketing Automation Leads
8,User has tried multiple chatbots but found this one to be the most effective,3,Chatbot Customer Satisfaction
9,User received personalized chatbot responses tailored to their business,1,Chatbot Personalized Responses
10,Provides quick responses to customer queries,2,Improved Response Rates
11,The tool provides personalized responses to customers based on their queries,0,Customized Responses Based User Input
12,Positive response from customers,2,Improved Response Rates
13,The tool provides quick and personalized responses based on previous chat history.,1,Chatbot Personalized Responses
14,User experiences quick and accurate responses from AI,4,AI Assistant Provides Tailored Responses
15,The app provides customized responses based on user input,0,Customized Responses Based User Input
16,User has implemented the tool and sees potential benefits,2,Improved Response Rates
17,User reports improved response rates and increased sales opportunities,2,Improved Response Rates
18,No detail,9,"The tag for this topic would be ""No Detail Topic""."
19,The chat feature allows customers to communicate with us in a meaningful way,3,Chatbot Customer Satisfaction
20,Chatbot responses are tailored to individual customers based on their previous interactions,1,Chatbot Personalized Responses
21,"The chatbot is tailored to the user's needs and preferences, providing a more personalized experience.",1,Chatbot Personalized Responses
22,"Lyro, the AI assistant, provides tailored answers",4,AI Assistant Provides Tailored Responses
23,Lyro can offer customized discounts and promotions based on customer interactions,8,Marketing Automation Leads
24,No detail,9,"The tag for this topic would be ""No Detail Topic""."
25,"The AI assistant provides quick and relevant responses, saving time and improving customer satisfaction",4,AI Assistant Provides Tailored Responses
26," The tool fully automates the chat management process, including real-time visitor tracking and customization options.",5,Customizable Marketing Automation
27,Customized responses based on customer inputs,0,Customized Responses Based User Input
28,The chatbot's ability to understand and respond to user queries in a personalized manner has improved customer satisfaction and reduced the workload for the support team.,3,Chatbot Customer Satisfaction
29,The ability to customize default messages with emojis allows for more personalized interactions with customers,7,Personalized Interactions Platform
30,Customizable responses for different customer queries,0,Customized Responses Based User Input
31,User reports positive responses from customers,2,Improved Response Rates
32," The reviewer mentions that the tool handles lead conversations and qualification automatically, without any manual intervention required.",5,Customizable Marketing Automation
33,The chatbot provides personalized responses based on user input,1,Chatbot Personalized Responses
34,The tool provides tailored responses based on customer data,0,Customized Responses Based User Input
35,Customizable chatbot responses based on user input,1,Chatbot Personalized Responses
36,The chatbot AI is able to respond to user requests with personalized answers,1,Chatbot Personalized Responses
37,User received personalized responses from the AI assistant,4,AI Assistant Provides Tailored Responses
38,"The platform's ability to address various challenges faced by businesses and offer numerous benefits in return is impressive, suggesting a positive impact on customer service.",2,Improved Response Rates
39,The chatbot is able to understand and respond to customer queries in a personalized manner,1,Chatbot Personalized Responses
40,User receives quick responses to customer queries,2,Improved Response Rates
41,User reports improved response rate and easier query resolution.,2,Improved Response Rates
42,"Lyro AI provides customized responses to customer inquiries, helping to improve sales and customer satisfaction",4,AI Assistant Provides Tailored Responses
43,No detail,9,"The tag for this topic would be ""No Detail Topic""."
44,The AI chat provides personalized responses based on user input,1,Chatbot Personalized Responses
45,The chatbot is able to understand and respond to customer queries in a personalized manner,1,Chatbot Personalized Responses
46,The chatbot provides personalized responses based on customer input,1,Chatbot Personalized Responses
47,"The chatbot provides quick and helpful responses, suggesting good AI capabilities.",3,Chatbot Customer Satisfaction
48,"The chatbot provides tailored responses based on customer inputs, demonstrating human-like interactions.",1,Chatbot Personalized Responses
49,The chatbot's responses were tailored to the user's questions and concerns,1,Chatbot Personalized Responses
50,Ability to provide tailored responses to potential customers based on business information,0,Customized Responses Based User Input
51,User reports improved responses from AI compared to previous attempts at personalization,7,Personalized Interactions Platform
52,Customizable chatbot responses for personalized customer interactions,1,Chatbot Personalized Responses
53,User received helpful response from live chat support,2,Improved Response Rates
54,Provides tailored responses based on user input,0,Customized Responses Based User Input
55,User can create chatbot with custom answers to FAQs and direct chats with clients,1,Chatbot Personalized Responses
56,Users receive tailored notifications relevant to their interests,0,Customized Responses Based User Input
57,User reports positive responses from customers,2,Improved Response Rates
58,User receives personalized responses to their visitors,0,Customized Responses Based User Input
59,"The chatbot provides tailored responses based on the user's input, demonstrating a high level of personalization.",1,Chatbot Personalized Responses
60,"The chatbot system provides personalized responses based on customer data, such as purchase history and browsing behavior.",1,Chatbot Personalized Responses
61,The user finds the tool's ability to automatically categorize and prioritize leads based on their behavior and interests helpful.,5,Customizable Marketing Automation
62,"The developer's commitment to skill-sharing is commendable, prioritizing the needs of users over financial gain.",8,Marketing Automation Leads
63,Widgets can be tailored to match branding and messaging,5,Customizable Marketing Automation
64,User reports improved response times and better communication with clients,2,Improved Response Rates
65,No detail,9,"The tag for this topic would be ""No Detail Topic""."
66,The ability to create custom canned responses and integrate with social media platforms demonstrates a high level of hyperpersonalization.,7,Personalized Interactions Platform
67,User reports positive responses from clients,2,Improved Response Rates
68,The chatbot's ability to understand and respond to complex queries impresses the user.,3,Chatbot Customer Satisfaction
69,Provides quick and accurate responses to customer queries,2,Improved Response Rates
70,The AI assistant provides helpful responses tailored to the user's needs,4,AI Assistant Provides Tailored Responses
71,Positive response to tool,2,Improved Response Rates
72,The chatbot provides personalized responses based on user input,1,Chatbot Personalized Responses
73,The support team is responsive and helpful in answering questions and addressing issues.,2,Improved Response Rates
74,User receives prompt notifications on their computer and phone when a visitor is trying to chat with them,8,Marketing Automation Leads
75,The chatbot provides quick and accurate responses tailored to user queries,3,Chatbot Customer Satisfaction
76,The chatbot provides tailored responses based on client inputs,1,Chatbot Personalized Responses
77,User receives prompt notifications and can continue chatting with clients,8,Marketing Automation Leads
78,The tool uses machine learning algorithms to understand customer needs and respond accordingly.,0,Customized Responses Based User Input
79,The user likes the ease of navigation and visitor details provided by the tool.,5,Customizable Marketing Automation
80,"The chat feature allows us to strike while the curiosity iron is hot, demonstrating a positive response to the tool.",3,Chatbot Customer Satisfaction
81,Chatbots provide personalized responses based on customer queries,1,Chatbot Personalized Responses
82,"The ability to create customized templates and automate responses suggests a high degree of personalization, potentially leading to more effective and engaging customer interactions.",7,Personalized Interactions Platform
83,"The automation level of Tidio is rated as ""Total Automatization"", indicating that the chatbot handles all aspects of the sales process, including lead qualification and notification of the sales team.",3,Chatbot Customer Satisfaction
84,The chatbot can understand and respond to user queries with personalized answers,1,Chatbot Personalized Responses
85,The app's ability to generate human-like responses was impressive,7,Personalized Interactions Platform
86,User can tailor chatbot responses to their brand voice and tone,1,Chatbot Personalized Responses
87,The chatbot's ability to understand and respond to customer queries in a personalized manner has improved customer satisfaction and led to increased conversions.,3,Chatbot Customer Satisfaction
88,Developers actively engage with users and incorporate feedback into product development,8,Marketing Automation Leads
89,The AI assistant provides tailored responses to users' queries,4,AI Assistant Provides Tailored Responses
90,User mentions wanting to avoid customers who don't have an easy way to get live person,8,Marketing Automation Leads
91," The chatbot is able to understand and respond to customer queries with a high degree of accuracy,",3,Chatbot Customer Satisfaction
92,User can tailor responses based on customer feedback and preferences,0,Customized Responses Based User Input
93," The chatbot's responses are tailored to each customer's needs and preferences,",1,Chatbot Personalized Responses
94,The chatbot's ability to capture leads in real-time and communicate with customers is impressive.,3,Chatbot Customer Satisfaction
95,"The chat widget can be easily customized to fit the user's needs and preferences, resulting in more effective lead capture and qualification.",5,Customizable Marketing Automation
96,Real-time customer engagement and lead capturing capabilities are highlighted as positive features.,2,Improved Response Rates
97,The support staff is responsive and proactive in addressing user needs.,2,Improved Response Rates
98,The chatbot provides tailored responses based on user input,1,Chatbot Personalized Responses
99,The tool provides tailored responses based on user data,0,Customized Responses Based User Input
100,"The reviewer mentions that the tool handles lead conversations and qualification entirely on its own, without any human intervention.",5,Customizable Marketing Automation
101,User reports improved efficiency in managing customer support queries through mobile and desktop apps,2,Improved Response Rates
102,User notes that chatbot's responses are helpful and informative.,3,Chatbot Customer Satisfaction
103,"The chatbot's responses are tailored to the user's needs and preferences, providing a more personalized experience.",1,Chatbot Personalized Responses
104,User can tailor responses to individual customer needs,0,Customized Responses Based User Input
105,The agent went above and beyond to accommodate the user's requirements,7,Personalized Interactions Platform
106,"The chatbot responds with relevant and personalized messages, helping to build trust and rapport with potential customers.",3,Chatbot Customer Satisfaction
107,User received personalized response from AI assistant for their request,4,AI Assistant Provides Tailored Responses
108,User reports positive response from customers and leads,2,Improved Response Rates
109,The chatbot responds with relevant and personalized messages based on user behavior,1,Chatbot Personalized Responses
110,Easy-to-use interface allows for quick setup and customization of chatbot responses,1,Chatbot Personalized Responses
111,User has high praise for the tool's ability to provide personalized responses,7,Personalized Interactions Platform
112,The tool provides quick and accurate responses tailored to the user's requests,2,Improved Response Rates
113,No detail,9,"The tag for this topic would be ""No Detail Topic""."
114,User reports improved response rate and quality of interactions.,2,Improved Response Rates
115,User receives customized responses based on customer input,0,Customized Responses Based User Input
116," Visitors receive personalized chatbot interactions based on their interests and preferences,",1,Chatbot Personalized Responses
117,"The chat system provides detailed, personalized responses to customer inquiries, streamlining the lead qualification process.",3,Chatbot Customer Satisfaction
118," User has set up the bot to provide personalized responses to customer inquiries,",6,Personalized Bot Responses
119,The tool provides personalized responses based on user input,0,Customized Responses Based User Input
120,Ability to tailor chatbot responses based on visitor actions,1,Chatbot Personalized Responses
121,"The tool provides pre-written auto response lines that allow for quick responses to customers, demonstrating some level of human-like interaction.",0,Customized Responses Based User Input
122,The ability to create custom responses that align with their brand identity,0,Customized Responses Based User Input
123,No detail,9,"The tag for this topic would be ""No Detail Topic""."
124,Quick and helpful responses without involving emails or tickets,8,Marketing Automation Leads
125,The chatbot responds with personalized answers based on user queries,1,Chatbot Personalized Responses
126,No detail,9,"The tag for this topic would be ""No Detail Topic""."
127,No Detail,9,"The tag for this topic would be ""No Detail Topic""."
128,Ability to tailor chatbot responses based on visitor data,1,Chatbot Personalized Responses
129,Want to engage more with customers live on website and increase sales,8,Marketing Automation Leads
130,User has tested various responses and found them to be effective,2,Improved Response Rates
131," The chat widget's customizable design and pre-chat surveys allow for tailored interactions that match the visitor's needs.,",1,Chatbot Personalized Responses
132,User received personalized responses from the AI assistant,4,AI Assistant Provides Tailored Responses
133,"The tool provides tailored responses based on customer input, demonstrating human-like engagement.",0,Customized Responses Based User Input
134,User received prompt and personalized responses from the AI assistant,4,AI Assistant Provides Tailored Responses
135,The ability to create custom discussion pathways and incorporate photos allows for a more human-like interaction,7,Personalized Interactions Platform
136,"Reviewer notes that the live chat feature allows them to connect with visitors in real-time, providing a more personalized experience.",7,Personalized Interactions Platform
137,User can tailor chatbot responses to better address client's needs,1,Chatbot Personalized Responses
138,Provides pre-built responses tailored to user queries,0,Customized Responses Based User Input
139,"The chatbot's responses are tailored to each user's preferences and previous interactions, creating a more human-like interaction.",1,Chatbot Personalized Responses
140,Personalized responses and quick support for volunteers,2,Improved Response Rates
141,Ability to customize chatbot responses based on customer feedback,1,Chatbot Personalized Responses
142,User found the chatbot to be helpful in connecting with clients and capturing leads.,3,Chatbot Customer Satisfaction
143,"The chatbot responds with empathy and understanding, providing a human-like experience.",3,Chatbot Customer Satisfaction
144,Visitors receive personalized recommendations based on their engagement,0,Customized Responses Based User Input
145,No detail,9,"The tag for this topic would be ""No Detail Topic""."
146,"The free version allows for chatbots, but the user cannot find stored canned responses.",1,Chatbot Personalized Responses
147,User can tailor chatbot responses to their brand voice,1,Chatbot Personalized Responses
148,"User mentions ability to create self-service buttons & automations for high-volume client requests, such as enrollment issues, student finances, and login problems.",8,Marketing Automation Leads
149,The AI assistant provides tailored responses based on user input,4,AI Assistant Provides Tailored Responses
150,"The Ai assistant provides helpful responses to customer inquiries, suggesting relevant articles and creating customized flows for self-service.",4,AI Assistant Provides Tailored Responses
151,Trained chatbot retrieves knowledge efficiently,3,Chatbot Customer Satisfaction
152,The tool provides pre-built responses that can be customized,0,Customized Responses Based User Input
153,No Detail,9,"The tag for this topic would be ""No Detail Topic""."
154,User receives tailored responses based on their preferences and previous interactions,0,Customized Responses Based User Input
155,"Accurate and helpful responses, with some minor errors",8,Marketing Automation Leads
156,The AI assistant provides tailored responses based on user input,4,AI Assistant Provides Tailored Responses
157,"The AI assistant provides customized responses based on user input, demonstrating human-like interactions.",4,AI Assistant Provides Tailored Responses
158,"The support team is responsive and willing to help with implementation, which increases the value and ROI of the tool.",2,Improved Response Rates
159,The AI engine provides personalized recommendations based on historical data and customer behavior,4,AI Assistant Provides Tailored Responses
160,"The user sees the AI model as the best in the space, with proven results in head-to-head comparisons.",2,Improved Response Rates
161,User finds Assist's responses helpful and suggests that it could save time with more accurate predictions,2,Improved Response Rates
162,The team goes above and beyond to ensure success,2,Improved Response Rates
163,High-quality responses tailored to user questions,0,Customized Responses Based User Input
164,"The ability to customize chat flow with text boxes, videos, and images allows for highly personalized responses.",1,Chatbot Personalized Responses
165,The team is responsive and provides personalized solutions,2,Improved Response Rates
166,"The tool provides personalized responses based on the customer's inquiry, helping to de-escalate repetitive questions.",0,Customized Responses Based User Input
167,Insightful responses provided based on customer data,0,Customized Responses Based User Input
168,User suggests adding a field for writing programming languages,8,Marketing Automation Leads
169,"The reviewer mentions that the onboarding process is comprehensive and straightforward, indicating a high level of automation. However, the integration of ZD <> Live Chat is manual, as the reviewer has escalated the issue to the developers.",8,Marketing Automation Leads
170,"The tool fully automates the chatbot process, including lead qualification and conversation handling.",3,Chatbot Customer Satisfaction
171,The chatbot provides detailed and accurate answers to customer inquiries,3,Chatbot Customer Satisfaction
172,The chatbot's responses are tailored to the user's queries and preferences.,1,Chatbot Personalized Responses
173,Excellent dedicated implementation team and ongoing monthly support,2,Improved Response Rates
174,The tool's ability to respond to customer inquiries in a timely and effective manner has greatly improved our support team's efficiency.,2,Improved Response Rates
175,"The tool provides quick updates and is receptive to feedback, showing appreciation for all features",2,Improved Response Rates
176,Ability to use API customizations and integrations to gain insights and capabilities with internal data,5,Customizable Marketing Automation
177,Provides quick and accurate responses to customer queries,2,Improved Response Rates
178,The tool provides tailored responses based on user input and context,0,Customized Responses Based User Input
179,No detail,9,"The tag for this topic would be ""No Detail Topic""."
180,"The tool is able to understand and respond to customer queries with varying levels of complexity, demonstrating a high degree of personalization.",7,Personalized Interactions Platform
181,Dedicated training team for platform usage and customized communication,8,Marketing Automation Leads
182,Well-integrated CRM and NLP for personalized messaging,7,Personalized Interactions Platform
183,"The tool allows for targeted campaigns on multiple channels, which can help increase event visibility and registrations",5,Customizable Marketing Automation
184," The AI assistant provides tailored responses to customer queries, enabling human-like interactions.,",4,AI Assistant Provides Tailored Responses
185,User mentions ability to create customized responses based on customer data,0,Customized Responses Based User Input
186,Insights from data help tailor content and format to specific needs of diverse audience,8,Marketing Automation Leads
187,The platform's ability to send personalized messages and updates has greatly improved attendee satisfaction and encouraged repeat participation in events.,7,Personalized Interactions Platform
188,Impressive adoption of fresh and creative approach to boosting customer experience.,7,Personalized Interactions Platform
189,User has experience with configuring use cases and finds it helpful.,8,Marketing Automation Leads
190,"User appreciated the ability to book tickets through WhatsApp and UPI payment integration, which made the process more convenient and efficient.",7,Personalized Interactions Platform
191,The tool provides intelligent and interactive conversations that demonstrate the value of QA services.,2,Improved Response Rates
192,The chatbot provides tailored responses to each customer's question,1,Chatbot Personalized Responses
193,"The user finds the hybrid agent assist feature to be particularly useful, as it allows for a seamless transition between AI-powered chatbots and human customer support agents when situations require a more personal touch.",4,AI Assistant Provides Tailored Responses
194,Impressive response times and accurate responses,2,Improved Response Rates
195,User has experience with multiple chatbot platforms and finds GenAI's UI and UX improvements.,3,Chatbot Customer Satisfaction
196,"The suite allows for tailoring messages to specific audiences, resulting in higher engagement and conversion rates.",7,Personalized Interactions Platform
197,Highly responsive customer support team,2,Improved Response Rates
198,The platform's ability to dynamically adjust its responses based on customer feedback and behavior is impressive.,7,Personalized Interactions Platform
199,The platform's ability to create personalized messages and visually captivating rich cards has significantly improved the quality of our clients' marketing outreach.,7,Personalized Interactions Platform
200,"The tool provides detailed guidance on crafting engaging WhatsApp journeys, enabling users to create personalized experiences for each customer.",5,Customizable Marketing Automation
201,The platform's ability to personalize communication for events has significantly improved our engagement strategies.,7,Personalized Interactions Platform
202,User can customize responses based on training data,0,Customized Responses Based User Input
203,Insights gathered help identify areas of improvement for better customer satisfaction,8,Marketing Automation Leads
204,We appreciate the personal touch and engagement,7,Personalized Interactions Platform
205,User suggests automating pre- and post-conference messages for improved efficiency,8,Marketing Automation Leads
206," User can tailor the platform to their specific needs and goals,",5,Customizable Marketing Automation
207,Training materials or webinars could improve advanced feature usage,8,Marketing Automation Leads
208,"The platform provides tailored responses based on user input, demonstrating human-like interactions.",0,Customized Responses Based User Input
209,"The tool provides tailored responses based on user input, creating a more human-like interaction.",0,Customized Responses Based User Input
210,More options for customization would improve user experience,7,Personalized Interactions Platform
211,"The tool allows for tailoring the testing scripts to meet specific requirements, resulting in improved accuracy and efficiency.",5,Customizable Marketing Automation
212,"The tool provides personalized responses based on the training data, resulting in improved customer satisfaction",2,Improved Response Rates
213,"Dynamic rich cards feature allows for visual presentation of design concepts and material selections directly in chat conversations, enhancing client experience",5,Customizable Marketing Automation
214,"The platform's ability to create customized responses based on contextual information is impressive, allowing for more human-like interactions.",7,Personalized Interactions Platform
215,"The tool allows for dynamic rich cards that make visual images by picking out real-time data, which is a unique and valuable feature.",5,Customizable Marketing Automation
216,Customizable dashboards and reports enhance user experience,5,Customizable Marketing Automation
217,"The tool allows for customized responses based on customer data, enhancing engagement and conversion rates.",0,Customized Responses Based User Input
218,Customized responses based on client inputs,0,Customized Responses Based User Input
219,The AI-driven digital assistant provides personalized responses based on customer data and preferences,4,AI Assistant Provides Tailored Responses
220,The AI-powered matchmaking feature has revolutionized how we connect attendees at our conferences by providing intangible networking opportunities.,7,Personalized Interactions Platform
221,Ability to create personalized images using real-time data has improved client understanding and decision-making,7,Personalized Interactions Platform
222,User highlights the ability to create personalized responses based on client data,0,Customized Responses Based User Input
223," The tool offers flexible customization options to meet the user's requirements,",5,Customizable Marketing Automation
224,The user found the platform's ability to help them create new product portfolios and integrate with other apps to be particularly useful and personalized.,7,Personalized Interactions Platform
225,The tool's ability to integrate with our existing systems and create customized workflows has greatly improved our debt collection process.,5,Customizable Marketing Automation
226,Customized responses based on customer data and preferences,0,Customized Responses Based User Input
227,"User mentions the ability to build multiple use cases for lead generation, marketing, social commerce, sales, customer support, and service across various industry verticals",8,Marketing Automation Leads
228,"The platform's ability to integrate with different technologies and build custom components for legacy systems demonstrates a high level of hyperpersonalization, tailoring the solution to meet the unique needs of each client.",7,Personalized Interactions Platform
229,"User found the platform's ease of use and helpful features to be highly personalized, allowing for tailored training and improvement.",7,Personalized Interactions Platform
230,The conversational AI and intelligent process automation make it easy to deliver personalized experiences.,7,Personalized Interactions Platform
231,"The reviewer mentions that the tool provides agile adjustments for business requirements, suggesting some level of human-like interaction.",5,Customizable Marketing Automation
232,User would like to see more personalized responses from the AI assistant,4,AI Assistant Provides Tailored Responses
233,"The AI assistant tailors responses to each user, creating a more human-like interaction.",4,AI Assistant Provides Tailored Responses
234,The no-code feature allows for efficient customization without technical knowledge.,5,Customizable Marketing Automation
235,No Detail,9,"The tag for this topic would be ""No Detail Topic""."
236,User receives personalized responses from chatbot based on their input,1,Chatbot Personalized Responses
237,The user appreciates the ability to create custom responses that align with their brand's voice and personality.,7,Personalized Interactions Platform
238," The reviewer mentions that the tool handles initial lead conversations, which the sales team sometimes despises",8,Marketing Automation Leads
239,User-friendly interface and powerful tools make bot development more accessible,6,Personalized Bot Responses
240,No detail,9,"The tag for this topic would be ""No Detail Topic""."
241,"User-friendly interface enables quick and easy chatbot creation, reducing learning curve and accelerating development process.",3,Chatbot Customer Satisfaction
242,"The tool provides detailed responses to customer queries, demonstrating its human-like capabilities.",2,Improved Response Rates
243,User was able to create a chatbot with personalized responses and actions,1,Chatbot Personalized Responses
244,User can adjust chatbot responses to better suit their needs,1,Chatbot Personalized Responses
245,No Detail,9,"The tag for this topic would be ""No Detail Topic""."
246,The bot can handle difficult questions and provide helpful responses.,6,Personalized Bot Responses
247, The tool fully automates the process of handling customer inquiries and providing product information.,5,Customizable Marketing Automation
248,The bot's responses are tailored to the user's preferences and needs,6,Personalized Bot Responses
249,User highlights the ease of use and versatility of the tool in creating a chatbot that can assist customers with product orders and organizational queries in real-time.,3,Chatbot Customer Satisfaction
250,The tool offers personalized responses based on user input,0,Customized Responses Based User Input
251,User reports smooth integration with Discord server and easy implementation of chatbot into their website,3,Chatbot Customer Satisfaction
252,Customized responses based on user's input,0,Customized Responses Based User Input
253," Seamless integration with HITL agent transfer feature stands out,",5,Customizable Marketing Automation
254,User receives faster and better responses after implementing chatbot,3,Chatbot Customer Satisfaction
255,No detail,9,"The tag for this topic would be ""No Detail Topic""."
256,The tool fully automates the process of handling customer inquiries and providing product information.,5,Customizable Marketing Automation
257,"The tool offers a wide range of integrations, including WhatsApp, Telegram, Zapier, and more, enabling users to create personalized bots.",6,Personalized Bot Responses
258,The tool provides pre-built responses that can be customized for customer issues.,0,Customized Responses Based User Input
259,User can adjust chatbot's behavior based on user input and feedback,1,Chatbot Personalized Responses
260,User reports that the tool allows them to create a chatbot that feels like it was built by their own team,3,Chatbot Customer Satisfaction
261,The user found the response generator to be helpful in creating chatbot responses.,3,Chatbot Customer Satisfaction
262, indicating that the tool fully automates the lead conversation and qualification process.,5,Customizable Marketing Automation
263,The AI is able to generate responses tailored to the user's preferences and previous interactions.,0,Customized Responses Based User Input
264,User reports improved response times and accuracy with the help of the AI assistant.,4,AI Assistant Provides Tailored Responses
265,The chatbot provides tailored responses based on user input.,1,Chatbot Personalized Responses
266," The tool's personalization capabilities are impressive, allowing for tailored responses and interactions that enhance the user experience.,",7,Personalized Interactions Platform
267,No detail,9,"The tag for this topic would be ""No Detail Topic""."
268,User has created custom responses based on their needs,0,Customized Responses Based User Input
269,"  The tool automates all aspects of chatbot development and deployment, from creating conversation flows to deploying bots across multiple platforms.",3,Chatbot Customer Satisfaction
270,"The platform's flexibility in handling various communication channels and integrations is impressive, enabling users to tailor their virtual assistants to suit their specific requirements.",5,Customizable Marketing Automation
271,No detail,9,"The tag for this topic would be ""No Detail Topic""."
272,The tool provides tailored responses based on user input,0,Customized Responses Based User Input
273,"The user has created custom workflows and bots to address their specific needs, demonstrating a high level of hyperpersonalization.",6,Personalized Bot Responses
274,User can tailor bot's responses based on specific context and documents.,6,Personalized Bot Responses
275,"Users can create tailored content, such as videos, for their needs",5,Customizable Marketing Automation
276,"The AI assistant provides quick and accurate responses, leading to improved issue resolution time.",4,AI Assistant Provides Tailored Responses
277,"User can create custom chatbot flows with variables and execute code directly in chat sequence, providing highly personalized experiences.",1,Chatbot Personalized Responses
278,User received helpful responses from support forum when encountering technical issues,2,Improved Response Rates
279,"The service provides pre-built templates and drag-and-drop interface for customization, but no personalized interactions were observed.",5,Customizable Marketing Automation
280,The tool provides detailed documentation and open repositories to aid in bootstrapping new projects.,5,Customizable Marketing Automation
281,"The user has created bots for lead generation, which suggests a high level of personalization.",6,Personalized Bot Responses
282,User can customize responses to match their brand's tone and style,0,Customized Responses Based User Input
283,"The tool provides detailed response suggestions based on user input, allowing for more personalized interactions.",0,Customized Responses Based User Input
284, The tool fully automates lead conversations and qualification in the sales process.,5,Customizable Marketing Automation
285,"Positive response from user, highlighting the tool's potential for internal communication and customer-facing relations.",2,Improved Response Rates
286,The chatbot is able to understand and respond to user queries with personalized answers,1,Chatbot Personalized Responses
287,"The user is able to customize their chatbot with various OpenAI models, allowing for tailored responses and interactions.",1,Chatbot Personalized Responses
288," The bot's responses are tailored to the user's preferences and needs,",6,Personalized Bot Responses
289,The user finds the chatbot's responses helpful in resolving customer queries.,3,Chatbot Customer Satisfaction
290,User reports positive experiences with chatbot's responses,3,Chatbot Customer Satisfaction
291,Adding logo and other visual elements can enhance the chatbot's appearance and make it more engaging for users.,3,Chatbot Customer Satisfaction
292,Limited customization options,5,Customizable Marketing Automation
293,"The user has created multiple chatbots with varying responses, demonstrating the tool's ability to personalize interactions.",1,Chatbot Personalized Responses
294,"User wants more advanced features such as greeting users when they open or reopen the window, and assistance in creating or editing content.",8,Marketing Automation Leads
295,User found it easy to integrate the bot emulator into their development platform and make changes quickly,6,Personalized Bot Responses
296,"The platform's personalized approach to learning has helped the reviewer create chatbots quickly and easily, despite having no prior coding knowledge.",3,Chatbot Customer Satisfaction
297,"The tool's responses could be improved, but overall accuracy is satisfactory.",2,Improved Response Rates
298,User has created custom bots that respond to user input in a human-like manner.,6,Personalized Bot Responses
299,User found it easy to create chatbot with personalized responses,1,Chatbot Personalized Responses
300,"The tool provides a separate module for content editing, making it easier for non-technical users to edit messages and content.",5,Customizable Marketing Automation
301,Customized responses based on user input and preferences,0,Customized Responses Based User Input
302,User can customize responses based on attached knowledge base,0,Customized Responses Based User Input
303,User has complete control over the AI bot's responses and actions,6,Personalized Bot Responses
304,The platform's responsiveness and adaptability have improved the user's product development process,7,Personalized Interactions Platform
305,User has created a chatbot with self-learning features and has built a knowledge base bot,3,Chatbot Customer Satisfaction
306,No detail,9,"The tag for this topic would be ""No Detail Topic""."
307,The team provided helpful guidance to resolve issues,2,Improved Response Rates
308,The AI assistant can create unique and personalized designs for each user,4,AI Assistant Provides Tailored Responses
309,User finds the bot's responses to be helpful and accommodating,6,Personalized Bot Responses
310,"The ability to create a customized bot based on knowledge base articles provides a high level of personalization, enabling tailored responses to customers.",6,Personalized Bot Responses
311,"The chatbot learns from customer interactions and adapts its responses accordingly, providing a more personalized experience.",1,Chatbot Personalized Responses
312,User has created a customized chatbot with buttons instead of relying solely on chat functionality,1,Chatbot Personalized Responses
313,User would like to see more personalized responses based on their educational materials,0,Customized Responses Based User Input
314,Customizable menus on Telegram,5,Customizable Marketing Automation
315,User can tailor responses to specific platforms and audience,0,Customized Responses Based User Input
316,User support is improved with bot's ability to answer basic questions,6,Personalized Bot Responses
317,User found the AI assistant helpful in building a chatbot and providing easy documentation for customer support.,3,Chatbot Customer Satisfaction
318,User would like more control over AI-generated responses,8,Marketing Automation Leads
319,No detail,9,"The tag for this topic would be ""No Detail Topic""."
320,The ability to customize chatbot responses based on user data and preferences is a significant advantage,1,Chatbot Personalized Responses
321,The bot provides quick and helpful responses,6,Personalized Bot Responses
322,User can customize knowledge base answers based on their preferences,0,Customized Responses Based User Input
323,"The ability to create custom chat experiences could potentially lead to more human-like interactions, as users will have more control over the conversation flow and language used.",1,Chatbot Personalized Responses
324,No detail,9,"The tag for this topic would be ""No Detail Topic""."
325,Basic customization possible through external tools,5,Customizable Marketing Automation
326,"User reports positive response from customers, with high engagement rates",2,Improved Response Rates
327,"The tool provides customizable responses based on user input, demonstrating a high level of hyperpersonalization.",0,Customized Responses Based User Input
328,"The user found the SDK to be helpful in developing their own AI solution, despite being in development mode.",8,Marketing Automation Leads
329,User wants to use AI to create a customized chatbot for their school website,1,Chatbot Personalized Responses
330,The chatbot provides tailored responses based on user input,1,Chatbot Personalized Responses
331,The AI assistant provides tailored responses based on user queries,4,AI Assistant Provides Tailored Responses
332,No detail,9,"The tag for this topic would be ""No Detail Topic""."
333,"The bot provides quick and accurate responses to our questions, demonstrating its ability to understand and respond to complex queries.",6,Personalized Bot Responses
334,User found the tool's response to be helpful and easy to understand,2,Improved Response Rates
335,"The AI chatbot can understand and respond to customer inquiries in a human-like manner, providing a seamless and personalized experience.",3,Chatbot Customer Satisfaction
336,"The chatbot is able to understand and respond to customer queries with a high degree of accuracy, providing personalized solutions.",3,Chatbot Customer Satisfaction
337," The reviewer mentions that the tool handles initial lead conversations, which the sales team sometimes despises, indicating a high level of automation.",8,Marketing Automation Leads
338,Effective communication and issue resolution enabled by tool's ability to gather and utilize client data,2,Improved Response Rates
339,The ability to tailor responses based on user input is a positive aspect of the tool.,0,Customized Responses Based User Input
340,Trained chatbot provides personalized responses based on user input,1,Chatbot Personalized Responses
341,User-trained support team provides personalized responses,0,Customized Responses Based User Input
342,The chatbot's responses are tailored to each customer's needs,1,Chatbot Personalized Responses
343,User received prompt and personalized responses from chatbot,1,Chatbot Personalized Responses
344,User can create custom responses and workflows for their company,0,Customized Responses Based User Input
345,"The chatbot's responses are tailored to each client's needs, providing a more human-like interaction.",1,Chatbot Personalized Responses
346,Users appreciate customized support and guidance,2,Improved Response Rates
347,User can tailor chatbot responses to their specific needs and preferences,1,Chatbot Personalized Responses
348,"The AI assistant provides tailored responses to customer queries, enhancing the overall user experience.",4,AI Assistant Provides Tailored Responses
349,The AI chatbot provides quick responses and helps users communicate effectively with customers.,3,Chatbot Customer Satisfaction
350,Personalized responses and solutions tailored to individual customers' needs and expectations.,0,Customized Responses Based User Input
351,The chatbot's responses are tailored to each customer's preferences and previous interactions,1,Chatbot Personalized Responses
352,Users can create customized workflows and integrate with product team for seamless support,5,Customizable Marketing Automation
353,The tool allows for tailored responses based on customer data and preferences,0,Customized Responses Based User Input
354,The chatbot provides pre-written responses based on the user's input,1,Chatbot Personalized Responses
355,Easy-to-use interface with personalized responses,0,Customized Responses Based User Input
356,Messenger's customizable macros allow for tailored responses,0,Customized Responses Based User Input
357,The app provides personalized responses based on user input,0,Customized Responses Based User Input
358,"The chatbot and article features allow for personalized interactions with customers, enhancing their experience.",3,Chatbot Customer Satisfaction
359,The chatbot responds with relevant and helpful information tailored to the customer's query,3,Chatbot Customer Satisfaction
360,The ability to create custom responses and workflows has improved our chatbot's performance.,3,Chatbot Customer Satisfaction
361,The chatbot's responses are tailored to the user's preferences and needs.,1,Chatbot Personalized Responses
362,The AI chatbot provides personalized responses based on user behavior and preferences.,1,Chatbot Personalized Responses
363,The chatbot provides tailored responses based on the client's history and preferences,1,Chatbot Personalized Responses
364,User finds chatbot to be helpful in providing quick responses to customer queries,3,Chatbot Customer Satisfaction
365,The chatbot's responses are tailored to each patient's inquiry,1,Chatbot Personalized Responses
366,User-friendly interface and easy-to-use templates enable users to create tailored emails quickly,7,Personalized Interactions Platform
367, reviewer mentions that the AI tool handles all initial lead conversations and provides quick and effective responses to client queries.,2,Improved Response Rates
368,"The AI chatbot's responses are tailored to each user's preferences and previous interactions, creating a more human-like experience.",1,Chatbot Personalized Responses
369,The tool provides tailored responses based on user input,0,Customized Responses Based User Input
370,No detail,9,"The tag for this topic would be ""No Detail Topic""."
371,"The chatbot's responses are tailored to each customer's needs and preferences, providing a more human-like interaction.",1,Chatbot Personalized Responses
372,"  The reviewer mentions that the chatbot handles lead conversations and qualification, indicating a high level of automation.",3,Chatbot Customer Satisfaction
373,The ability to add custom responses based on knowledge bases,0,Customized Responses Based User Input
374,User mentions that they want a personal virtual assistant that can make appointments safely and efficiently.,4,AI Assistant Provides Tailored Responses
375,"Watermelon's AI customer service is responsive and helpful, providing high-quality answers and advice tailored to users' needs.",4,AI Assistant Provides Tailored Responses
376,"The bot can post links in chat, providing more personalized interactions",6,Personalized Bot Responses
377,The chatbot is able to understand and respond to user queries in a human-like manner,3,Chatbot Customer Satisfaction
378,"The chatbot responds quickly and accurately to customer inquiries, demonstrating a high level of humanlikeness.",3,Chatbot Customer Satisfaction
379," The reviewer mentions that the chatbot handles all lead conversations and qualification, indicating a high level of automation.",3,Chatbot Customer Satisfaction
380,Chatbot responds with relevant information and suggestions,3,Chatbot Customer Satisfaction
381,The tool provides detailed response suggestions based on user input.,0,Customized Responses Based User Input
382,The company's personalized approach to customer service is effective in building trust and loyalty with customers.,7,Personalized Interactions Platform
383,"The chatbot responds with empathy and understanding, providing helpful solutions",3,Chatbot Customer Satisfaction
384,The chatbot can understand and respond to user queries with personalized answers,1,Chatbot Personalized Responses
385,Quick response times and personalized interactions help improve customer satisfaction,2,Improved Response Rates
386,"The chatbot's responses are highly personalized and contextual, demonstrating its ability to think a few steps ahead.",1,Chatbot Personalized Responses
387,"The AI assistant provides quick and helpful answers to questions, and is friendly.",4,AI Assistant Provides Tailored Responses
388,The chatbot provides tailored responses based on user queries,1,Chatbot Personalized Responses
389,Somewhat helpful,2,Improved Response Rates
390,Quick and accurate responses provided to customers,2,Improved Response Rates
391,Chatbot provides tailored responses based on customer queries,1,Chatbot Personalized Responses
392,Personalized responses based on customer data,0,Customized Responses Based User Input
393,The chatbot's responses are tailored to the user's questions and needs,1,Chatbot Personalized Responses
394,"The tool provides personalized responses based on user input, resulting in improved customer satisfaction.",0,Customized Responses Based User Input
395,The chatbot responds with relevant and helpful answers,3,Chatbot Customer Satisfaction
396,No detail,9,"The tag for this topic would be ""No Detail Topic""."
397,User receives tailored answers based on their cultural values and background,0,Customized Responses Based User Input
398,Training was tailored to our specific needs and questions,8,Marketing Automation Leads
399,The chatbot's ability to understand and respond to customer queries is impressive,3,Chatbot Customer Satisfaction
400,"The tool provides personalized responses based on customer input, demonstrating medium-level hyperpersonalization.",0,Customized Responses Based User Input
401,No detail,9,"The tag for this topic would be ""No Detail Topic""."
402,The chatbot's responses are tailored to each user's needs and preferences,1,Chatbot Personalized Responses
403,User can tailor chatbot responses to their brand voice and tone,1,Chatbot Personalized Responses
404,The chatbot provides detailed and fast answers that exceed expectations.,3,Chatbot Customer Satisfaction
405,User receives personalized responses based on their preferences,0,Customized Responses Based User Input
406,The AI assistant provides personalized and humorous responses to customer queries,4,AI Assistant Provides Tailored Responses
407,Ability to create chatbots with personalized responses based on user input,1,Chatbot Personalized Responses
408,Ability to tailor responses based on user input and context,0,Customized Responses Based User Input
409,The chatbot's ability to understand nuances of human language allows for more natural and engaging conversations with users.,3,Chatbot Customer Satisfaction
410,User can tailor chatbot responses based on project requirements,1,Chatbot Personalized Responses
411,"The user can create custom responses that are tailored to their specific needs, allowing for greater personalization and efficiency in their chatbot development process.",1,Chatbot Personalized Responses
412,User can customize responses based on their needs,0,Customized Responses Based User Input
413,Easy-to-use interface enables users to create chatbots without coding knowledge,3,Chatbot Customer Satisfaction
414,"The chatbot provides tailored responses based on user input, demonstrating human-like conversation capabilities.",1,Chatbot Personalized Responses
415,The NLP engine's ability to handle wide range of user queries with accuracy and natural responses is impressive.,7,Personalized Interactions Platform
416,"The tool provides detailed suggestions for crafting chatbot responses, allowing for more personalized interactions.",1,Chatbot Personalized Responses
417,Rich responses supported through text and image-based interactions,7,Personalized Interactions Platform
418,User-friendly interface allows for quick and easy bot creation,6,Personalized Bot Responses
419,The tool provides customizable responses based on user input,0,Customized Responses Based User Input
420,User can tailor responses to their specific needs and preferences,0,Customized Responses Based User Input
421,The chatbots are able to understand and respond to customer inquiries in a personalized manner,1,Chatbot Personalized Responses
422,The tool provides tailored responses based on user input,0,Customized Responses Based User Input
423,User found it easy to create responses based on their desired outcome,0,Customized Responses Based User Input
424,"The user has created chatbots and interfaces using the inbuilt agents, resulting in improved customer experiences.",3,Chatbot Customer Satisfaction
425,User found the tool easy to use and learned it quickly,2,Improved Response Rates
426,The user found the tool to be highly customizable and adaptable to their specific use case,5,Customizable Marketing Automation
427,No detail,9,"The tag for this topic would be ""No Detail Topic""."
428,User can customize chatbot responses based on their needs,1,Chatbot Personalized Responses
429,The chatbot can understand and respond to user queries in a human-like manner.,3,Chatbot Customer Satisfaction
430," Developers can tailor responses based on user intent and preferences,",0,Customized Responses Based User Input
431,"The tool provides detailed response options based on user input, allowing for more personalized interactions.",0,Customized Responses Based User Input
432,"User provides feedback on the complexity of adding a feedback survey in an open flow, suggesting potential improvements for future versions.",8,Marketing Automation Leads
433,User can tailor responses based on transactional information and apply reasoning,0,Customized Responses Based User Input
434,Ability to tailor conversational flows to specific use cases and needs,8,Marketing Automation Leads
435,User can create custom responses and train models for specific use cases,0,Customized Responses Based User Input
436,"The tool provides detailed instructions for each step, making it easy to understand and implement",5,Customizable Marketing Automation
437,The user found the tool through an AI product management meetup and appreciated its ease of use and versatility in addressing various pet health issues.,2,Improved Response Rates
438," User appreciates ability to create customized templates and organize design elements,",7,Personalized Interactions Platform
439,User highlights the tool's ability to tailor conversational experiences based on customer needs,0,Customized Responses Based User Input
440,"The tool provides detailed responses based on user input, demonstrating high levels of personalization.",0,Customized Responses Based User Input
441," The reviewer mentions that the tool provides complete control over AI automation, allowing them to build whatever they can think of.",5,Customizable Marketing Automation
442,The tool provides a common set of primitives for teams to build conversational experiences that scale and solve important customer and internal stakeholder problems.,8,Marketing Automation Leads
443,"User has created multiple agents and found it easy to connect them to different platforms, allowing for efficient and personalized communication.",7,Personalized Interactions Platform
444,"The tool provides customized responses based on customer data and preferences, leading to improved customer satisfaction.",0,Customized Responses Based User Input
445,User can tailor responses to match their brand voice and tone,0,Customized Responses Based User Input
446,The tool provides detailed and empathetic responses tailored to the user's needs,0,Customized Responses Based User Input
447,Users can tailor chatbot responses based on their needs,1,Chatbot Personalized Responses
448,User can tailor chatbot responses based on client requirements,1,Chatbot Personalized Responses
449,User finds it helpful to create prototypes and review with immediate team members,8,Marketing Automation Leads
450,The ability to tailor chatbot responses to specific customer needs and preferences,1,Chatbot Personalized Responses
451,User found GenAI tool's responses to be helpful and relevant,2,Improved Response Rates
452,The user found the chatbot builder to be highly customizable and able to create complex responses.,1,Chatbot Personalized Responses
453,Users can tailor chatbot responses to their specific needs and preferences,1,Chatbot Personalized Responses
454,"The tool provides flexible support for different modalities, such as voice and chat, and is willing to listen to suggestions for improvement.",8,Marketing Automation Leads
455,User found the team to be very helpful and knowledgeable,2,Improved Response Rates
456,User found it easy to create personalized responses using the tool's drag-and-drop interface,7,Personalized Interactions Platform
457,Improved response times and increased customer satisfaction,2,Improved Response Rates
458,Responsive team available to assist with any issues,2,Improved Response Rates
459,Flexible and responsive AI-driven responses improve customer engagement,4,AI Assistant Provides Tailored Responses
460,Embedded AI doctor feature on website and included link in purchase confirmation emails has improved customer satisfaction and loyalty.,7,Personalized Interactions Platform
461,"The AI assistant provides quick and accurate responses, often resolving tickets without human intervention",4,AI Assistant Provides Tailored Responses
462,"Larry, our account manager, is incredibly responsive and uses internal tools to make changes quickly, providing a human-like experience.",7,Personalized Interactions Platform
463,The AI assistant's ability to understand and respond to customer queries in a personalized manner has significantly improved our conversion rates.,4,AI Assistant Provides Tailored Responses
464,Regular calls with account manager for improvement,8,Marketing Automation Leads
465,"Their team made it incredibly easy to integrate with our custom systems, resulting in highly personalized responses.",7,Personalized Interactions Platform
466,"Trained to use brand's language, provides instant answers",2,Improved Response Rates
467,Detailed guidance provided for improving customer experience across multiple touchpoints,8,Marketing Automation Leads
468," Exhaustive follow-up and efficient solutions for clients,",2,Improved Response Rates
469,CEO personally involved in development and open to feedback,8,Marketing Automation Leads
470,Excellent response times and accurate responses,2,Improved Response Rates
471,The AI assistant provides personalized answers to customer queries,4,AI Assistant Provides Tailored Responses
472,Improved response quality and responsiveness of team,2,Improved Response Rates
473,AI's responses are tailored to each customer's question and issue.,4,AI Assistant Provides Tailored Responses
474,User would like to see more interactive dashboards and longer lookback periods for AI metrics,8,Marketing Automation Leads
475,Accurate and timely responses provided,2,Improved Response Rates
476,The user was able to easily program their bot to fit their company's needs.,6,Personalized Bot Responses
477,The tool's ability to understand and respond to customer queries accurately and efficiently has improved customer satisfaction.,2,Improved Response Rates
478,User appreciates the ease of use and the ability to get a feel for AI's responses without any friction,2,Improved Response Rates
479,"The AI assistant provides detailed and relevant answers, often linking to supporting documents for added context.",4,AI Assistant Provides Tailored Responses
480,"The bot provides detailed and accurate responses to customer inquiries, demonstrating a high level of understanding and knowledge of the store's products and services.",6,Personalized Bot Responses
481,"The chatbot's responses are tailored to the community's preferences and language usage, making it feel more human-like.",1,Chatbot Personalized Responses
482,"The AI assistant can easily request transfer to a human agent, and the issue is resolved promptly.",4,AI Assistant Provides Tailored Responses
483,Provides personalized responses based on customer queries,0,Customized Responses Based User Input
484,No detail,9,"The tag for this topic would be ""No Detail Topic""."
485,"The chatbot provides accurate responses to users' questions about product recommendations, returns, and pricing, which has improved the overall user experience.",3,Chatbot Customer Satisfaction
486,"The chatbot adapts to user's tone and language, providing more human-like responses.",1,Chatbot Personalized Responses
487,Ai provides customized debugging assistance and early solutions for complex issues,4,AI Assistant Provides Tailored Responses
488,The AI assistant understands and responds to user queries with personalized answers and actions,4,AI Assistant Provides Tailored Responses
489,Customized responses based on user questions,0,Customized Responses Based User Input
490," Users receive tailored responses based on their previous interactions,",0,Customized Responses Based User Input
491,User reports improved response times and resolution rates with AI assistance,2,Improved Response Rates
492,User found the response generator to be helpful in creating chatbot responses,3,Chatbot Customer Satisfaction
493,Providing nutrient expertise and education for migraine patients or caregivers,8,Marketing Automation Leads
494,"The AI assistant can understand and respond to complex technical queries with nuance, providing accurate answers.",4,AI Assistant Provides Tailored Responses
495,Ai provides personalized responses based on community's language and preferences,4,AI Assistant Provides Tailored Responses
496,The AI assistant provides personalized responses based on user feedback,4,AI Assistant Provides Tailored Responses
497,Customized code samples and debugging assistance improve development efficiency,8,Marketing Automation Leads
498,"The tool provides customized solutions for each user, taking into account their unique circumstances and goals.",5,Customizable Marketing Automation
499,"The user finds the AI tool's response to be 'truly enchanting', suggesting a positive experience with the tool.",2,Improved Response Rates
500,The AI bot's ability to auto-learn and adapt to new document changes has led to improved customer satisfaction and reduced agent workload by over 50%,6,Personalized Bot Responses
501,Users can upvote or downvote responses based on relevance,8,Marketing Automation Leads
502,The tool's ability to understand and respond to customer queries in a conversational manner is impressive.,2,Improved Response Rates
503,The chatbot's ability to ingest Discord conversations and create a knowledge base has improved response quality.,3,Chatbot Customer Satisfaction
504,The chatbot responds quickly and accurately to customer queries,3,Chatbot Customer Satisfaction
505,Customized responses based on user input,0,Customized Responses Based User Input
506,Need more sample codes to understand more about tool,5,Customizable Marketing Automation
507,Customized responses based on domain-specific data and user interactions,0,Customized Responses Based User Input
508,User can create personalized bots with ease,6,Personalized Bot Responses
509," User wants the bot to understand and respond accordingly,",6,Personalized Bot Responses
510,User received helpful responses from the AI assistant during bot development,4,AI Assistant Provides Tailored Responses
511,The tool provides pre-built templates and integration options for customization.,5,Customizable Marketing Automation
512,The ability to create and deploy dialog tasks for various user actions is a valuable feature.,7,Personalized Interactions Platform
513,"The chatbot provides tailored responses based on user queries, demonstrating a high level of personalization.",1,Chatbot Personalized Responses
514,"The platform provides detailed response suggestions based on customer input, allowing for more human-like interactions.",0,Customized Responses Based User Input
515,User reports improved response rate and reduced manual workload,2,Improved Response Rates
516,User found the drag-and-drop feature useful for designing flows,5,Customizable Marketing Automation
517,Ability to tailor responses based on user input and preferences,0,Customized Responses Based User Input
518,The tool provides pre-built actions that can be easily customized,5,Customizable Marketing Automation
519,User found the tool helpful for developing services and learning new things,2,Improved Response Rates
520,User found the platform's chatbot building feature to be highly effective,3,Chatbot Customer Satisfaction
521,Courses and training offered by AI are tailored to individual needs and goals,4,AI Assistant Provides Tailored Responses
522,Easy-to-use interface with predefined drag-and-drop features and templates allows for quick response and development,5,Customizable Marketing Automation
523,User received helpful responses from the chatbot when asking questions.,3,Chatbot Customer Satisfaction
524,No detail,9,"The tag for this topic would be ""No Detail Topic""."
525,The user was able to easily integrate the chatbot with other software without any issues or complications.,3,Chatbot Customer Satisfaction
526,User found the tool's ability to provide customizable templates and personalized interactions helpful in accelerating their development,7,Personalized Interactions Platform
527,User can adjust bot's responses based on client preferences.,6,Personalized Bot Responses
528,User found AI helpful in solving issues of other users through chat bots,3,Chatbot Customer Satisfaction
529,"User found the tool easy to use, but faced server issues and requested higher batch testing limits",8,Marketing Automation Leads
530,User finds it helpful to quickly develop intelligent chatbots with minimal coding,3,Chatbot Customer Satisfaction
531,Well-designed chatbot with personalized responses,1,Chatbot Personalized Responses
532,The chatbot provides tailored responses based on user input,1,Chatbot Personalized Responses
533,User found the tool helpful in creating chatbots quickly and efficiently.,3,Chatbot Customer Satisfaction
534,"The AI assistant provides detailed and accurate responses to customer queries, demonstrating high levels of human likeness.",4,AI Assistant Provides Tailored Responses
535,The chatbot provides personalized responses based on customer inputs,1,Chatbot Personalized Responses
536,User can tailor the bot's responses based on their preferences,6,Personalized Bot Responses
537,Easy to use interface allows for quick creation of conversational chatbot,3,Chatbot Customer Satisfaction
538,The virtual assistant is more human-like and engaging than a regular website,4,AI Assistant Provides Tailored Responses
539,"The tool provides accurate ML/NL results, even for non-technical users",5,Customizable Marketing Automation
540,Improved response rates and customer satisfaction due to personalized interactions,7,Personalized Interactions Platform
541,"The platform's ability to provide personalized responses based on user input is impressive, and the user appreciates the ease of integration with other platforms.",7,Personalized Interactions Platform
542,Customized responses based on user input,0,Customized Responses Based User Input
543,"The tool offers tailored responses based on user input, demonstrating high personalization capabilities.",0,Customized Responses Based User Input
544,User suggests improving rollback system for backup versions in case of errors,8,Marketing Automation Leads
545,"The ability to tailor chatbot responses based on user input and behavior, resulting in more human-like interactions.",1,Chatbot Personalized Responses
546,Need more sample codes to understand more about tool,5,Customizable Marketing Automation
547,"The chatbot's responses are tailored to each client's needs, resulting in improved customer satisfaction.",1,Chatbot Personalized Responses
548,User can create personalized bots with ease,6,Personalized Bot Responses
549,User found the tool helpful in creating responses for their NLP tasks.,2,Improved Response Rates
550,"The platform provides training and helps users understand chatbot development concepts, enabling them to create a well-rounded bot.",3,Chatbot Customer Satisfaction
551,User-friendly interface allows for quick and easy customization of chatbot responses.,1,Chatbot Personalized Responses
552,Ability to tailor chatbot responses based on user input and preferences,1,Chatbot Personalized Responses
553,The user found the tool's response to be helpful and informative.,2,Improved Response Rates
554," User wants the bot to understand and respond accordingly,",6,Personalized Bot Responses
555,"The bot's responses are tailored to the user's brand, making it more realistic and user-friendly.",6,Personalized Bot Responses
556,User received helpful responses from the AI assistant during development,4,AI Assistant Provides Tailored Responses
557,The AI bot's responses were tailored to their specific needs and issues.,6,Personalized Bot Responses
558,User reports smoother development experience after integrating Google Translator for language support,2,Improved Response Rates
559,The platform enables easy creation of customized responses based on user data,0,Customized Responses Based User Input
560,User appreciated the ability to share ongoing progress with other stakeholders and test comments.,2,Improved Response Rates
561,The tool provides pre-built templates and integration options for customization.,5,Customizable Marketing Automation
562,"User found the tool helpful in building and customizing bots, with easy intent capture capabilities.",6,Personalized Bot Responses
563,User received helpful responses from the chatbot during basic training,3,Chatbot Customer Satisfaction
564,User can tailor responses based on input data,0,Customized Responses Based User Input
565,"The tool's ability to generate human-like responses and engage in conversations with users is impressive, making it a valuable asset for businesses looking to improve their customer experience.",2,Improved Response Rates
566,"The chatbot provides tailored responses based on user queries, demonstrating high hyperpersonalization capabilities.",1,Chatbot Personalized Responses
567,The ability to tailor responses based on customer data and preferences has improved our bot's performance and effectiveness.,6,Personalized Bot Responses
568,User reports improved response rate and reduced manual workload,2,Improved Response Rates
569,"The user found the bot's responses to be helpful and informative, suggesting a positive interaction experience.",6,Personalized Bot Responses
570,User-friendly interface allows for easy testing and learning,5,Customizable Marketing Automation
571,The platform provides detailed response suggestions based on user input,0,Customized Responses Based User Input
572,User can tailor chatbot responses to meet individual customer needs.,1,Chatbot Personalized Responses
573,The tool provides pre-built actions that can be easily customized,5,Customizable Marketing Automation
574,User enjoys building bots with the platform and appreciates the level of customization provided.,6,Personalized Bot Responses
575,User can customize the AI tool to fit their needs by leveraging API calls and Java scripts.,5,Customizable Marketing Automation
576,User found the tool helpful for developing services and learning new things,2,Improved Response Rates
577,User suggests improving debug logs for more accurate execution tracking,8,Marketing Automation Leads
578,Courses and training offered by AI are tailored to individual needs and goals,4,AI Assistant Provides Tailored Responses
579,The user has expressed satisfaction with the platform's ability to provide personalized responses based on their input,7,Personalized Interactions Platform
580,The platform offers effortless development and user-friendly features to improve user and bot communication in various ways.,6,Personalized Bot Responses
581,Easy-to-use interface and predefined drag-and-drop features allow for quick responses,5,Customizable Marketing Automation
582,User received helpful responses from the bot,6,Personalized Bot Responses
583,No detail,9,"The tag for this topic would be ""No Detail Topic""."
584,User can tailor responses based on client preferences,0,Customized Responses Based User Input
585,User suggests sharing their customization experience with their team,8,Marketing Automation Leads
586,"The bot learns and adapts to customer needs over time, providing more tailored responses.",6,Personalized Bot Responses
587,The user was able to easily integrate the chatbot with other software without any issues or complications.,3,Chatbot Customer Satisfaction
588,User is curious about the least used features and wants to learn more,8,Marketing Automation Leads
589,More customizable UI options would improve user experience,7,Personalized Interactions Platform
590,"The trainer's responses were described as'so helpful and polite', indicating a positive human-like interaction.",2,Improved Response Rates
591,Modular design allows for easy configuration and customization of chatbot responses,1,Chatbot Personalized Responses
592,The bot builder is easy to use,6,Personalized Bot Responses
593,"Developers can create custom bots with various channels and minimal coding requirements, enabling tailored interactions.",6,Personalized Bot Responses
594,User-friendly interface and customizable intent recognition contribute to humanlikeness,7,Personalized Interactions Platform
595,Basic chatbot functionality provided,3,Chatbot Customer Satisfaction
596,User found the tool helpful in creating predefined templates based on their needs,5,Customizable Marketing Automation
597,"The platform provides a high degree of personalization, allowing developers to tailor their bots to their specific needs and preferences.",6,Personalized Bot Responses
598,The ability to create custom responses based on user input allows for more personalized interactions,0,Customized Responses Based User Input
599,User can adjust bot's responses based on client preferences.,6,Personalized Bot Responses
600,"The tool provides customized responses based on user input, demonstrating hyperpersonalization.",0,Customized Responses Based User Input
601,The AI tool provides detailed and accurate responses to debugging queries,4,AI Assistant Provides Tailored Responses
602,User-friendly interface and advanced NLP training features allow for easy customization and personalization of chatbots,1,Chatbot Personalized Responses
603,User received personalized responses from the bot,6,Personalized Bot Responses
604,The platform provides pre-built templates and drag-and-drop functionality for easy customization,5,Customizable Marketing Automation
605,The ability to design chatbots based on specific business needs and requirements is a significant advantage of this AI tool.,3,Chatbot Customer Satisfaction
606,"User found the tool easy to use, but faced server issues and requested higher batch testing limits",8,Marketing Automation Leads
607,The platform provides customizable responses based on user input,0,Customized Responses Based User Input
608,User mentions that the chatbot provides customization solutions,1,Chatbot Personalized Responses
609,User found the platform's response to be helpful and informative,2,Improved Response Rates
610,The platform's ability to provide personalized suggestions and examples helps users build more human-like bots,6,Personalized Bot Responses
611,No detail,9,"The tag for this topic would be ""No Detail Topic""."
612,The tool provides pre-built templates and drag-and-drop functionality for creating conversational flows.,5,Customizable Marketing Automation
613,The tool offers customizable responses based on user input,0,Customized Responses Based User Input
614,"The platform enables creation of customized responses to consumer intents, which improves customer experience.",7,Personalized Interactions Platform
615,User found the drag-and-drop functionality to be helpful in developing their bot quickly.,6,Personalized Bot Responses
616,The bot uses customer data to answer questions accurately.,6,Personalized Bot Responses
617,"The platform's ability to provide a rich environment for bot development is impressive, allowing users to create complex and sophisticated bots with ease.",6,Personalized Bot Responses
618,Dynamic form population from backend is desired,8,Marketing Automation Leads
619,User found it helpful to quickly develop intelligent chatbots with minimal coding,3,Chatbot Customer Satisfaction
620,The tool provides pre-built conversation templates that can be customized to fit the user's needs.,5,Customizable Marketing Automation
621,The AI assistant provides tailored responses based on user input,4,AI Assistant Provides Tailored Responses
622,The chatbot provides tailored responses based on user input,1,Chatbot Personalized Responses
623,User found AI tool's response generation feature helpful,2,Improved Response Rates
624,Quick and efficient development of new features,5,Customizable Marketing Automation
625,"The user appreciates the tool's ability to quickly solve problems and provide helpful responses, suggesting high human likeness.",2,Improved Response Rates
626,The bot provides detailed explanations for each input received from the user,6,Personalized Bot Responses
627,User can tailor chatbot responses to specific contexts,1,Chatbot Personalized Responses
628,"The AI assistant provides detailed and accurate responses to customer queries, demonstrating high levels of human likeness.",4,AI Assistant Provides Tailored Responses
629,User received helpful responses from the AI assistant,4,AI Assistant Provides Tailored Responses
630,The chatbot provides personalized responses based on customer inputs,1,Chatbot Personalized Responses
631,User reports improved responses from AI assistant compared to previous experience,4,AI Assistant Provides Tailored Responses
632,The bot provides tailored responses to address user's concerns,6,Personalized Bot Responses
633,User can tailor the AI assistant's responses to their specific needs,4,AI Assistant Provides Tailored Responses
634,The tool provides pre-built responses based on user input,0,Customized Responses Based User Input
635,"The NLP model performed well, but no detail was provided about its performance.",2,Improved Response Rates
636,User can tailor bot responses based on their preferences,6,Personalized Bot Responses
637,The bot can understand and respond to user inputs with personalized answers,6,Personalized Bot Responses
638,User can tailor the bot's responses based on their preferences,6,Personalized Bot Responses
639,Easy to use interface allows for quick creation of conversational chatbot,3,Chatbot Customer Satisfaction
640,The virtual assistant is more human-like and engaging than a regular website,4,AI Assistant Provides Tailored Responses
641,"The tool provides accurate ML/NL results, even for non-technical users",5,Customizable Marketing Automation
642,Chatbot provides tailored responses based on user requests,1,Chatbot Personalized Responses
643,The tool provides accurate recommendations based on ticket data categorizations.,5,Customizable Marketing Automation
644,The AI assistant understands and responds to customers' inquiries in a human-like manner,4,AI Assistant Provides Tailored Responses
645,"The chatbot can recognize and address user needs more accurately, providing more personalized solutions.",1,Chatbot Personalized Responses
646,The tool provides straightforward instructions and can improve further depending on usage.,5,Customizable Marketing Automation
647,The tool asks the right questions and provides relevant articles based on user input.,0,Customized Responses Based User Input
648," The tool provides tailored responses and solutions based on user input and data analysis,",0,Customized Responses Based User Input
649,The system responds with tailored solutions or tickets based on user's queries.,0,Customized Responses Based User Input
650,The AI assistant provides tailored responses to user queries,4,AI Assistant Provides Tailored Responses
651,Quicker responses with access to internal support articles and links,2,Improved Response Rates
652,"The tool offers invaluable and accurate data, allowing for effective coaching and improved sales performance.",5,Customizable Marketing Automation
653,The tool provides highly personalized responses based on user feedback,0,Customized Responses Based User Input
654,"The tool provides personalized responses based on user input, demonstrating a high level of hyperpersonalization.",0,Customized Responses Based User Input
655,"The tool provides customized responses based on user feedback, demonstrating human-like interactions.",0,Customized Responses Based User Input
656,The tool's ability to understand and address user needs in a timely manner is impressive,2,Improved Response Rates
657,The tool provides detailed customer insights and recommendations to enhance personalization efforts.,5,Customizable Marketing Automation
658,"The tool provides a game-changing level of personalization, exceeding expectations and leading to increased effectiveness and engagement in outreach.",7,Personalized Interactions Platform
659,"The tool provides detailed information about each prospect, allowing for tailored messaging that resonates with them.",5,Customizable Marketing Automation
660,User reports positive response from prospects,2,Improved Response Rates
661,"The tool provides customized responses based on user data, demonstrating its ability to understand and adapt to individual preferences.",0,Customized Responses Based User Input
662,Improved response rates by 5 times,2,Improved Response Rates
663,User can tailor responses to their specific needs,0,Customized Responses Based User Input
664,User found the tool helpful in crafting relevant messages that resonate with their prospects,2,Improved Response Rates
665,No detail,9,"The tag for this topic would be ""No Detail Topic""."
666,The software's personalized approach allows for efficient workflow management.,5,Customizable Marketing Automation
667,The platform's AI-powered responses were tailored to each customer's needs and preferences,0,Customized Responses Based User Input
668,"The AI assistant provides tailored responses based on user input, demonstrating humanlikeness.",4,AI Assistant Provides Tailored Responses
669,The chatbot provides tailored responses based on user input,1,Chatbot Personalized Responses
670," The AI assistant provides proactive messaging features and offers tailored responses based on customer data,",4,AI Assistant Provides Tailored Responses
671,User would like to see more context-specific settings,8,Marketing Automation Leads
672,User-friendly responses and quick resolution of issues,2,Improved Response Rates
673,Provides appropriate assistance without human intervention,5,Customizable Marketing Automation
674,"The tool provides quick and reliable responses, making customers' lives easier.",2,Improved Response Rates
675,"The AI assistant provides tailored responses based on user input, demonstrating humanlikeness.",4,AI Assistant Provides Tailored Responses
676," The AI assistant provides proactive messaging features and offers tailored responses based on customer data,",4,AI Assistant Provides Tailored Responses
677,No detail,9,"The tag for this topic would be ""No Detail Topic""."
678,Provides tailored responses to customers,0,Customized Responses Based User Input
679,Visitor statistics and WhatsApp integration provide moderate personalization capabilities,7,Personalized Interactions Platform
680,"The product provides tailored responses based on user behavior and preferences, resulting in improved customer satisfaction.",0,Customized Responses Based User Input
681,Personalized responses tailored to individual customers,0,Customized Responses Based User Input
682,Easily manage recurring requests such as order tracking and product availability,8,Marketing Automation Leads
683,Virtual assistant can handle frequent questions and enable human team to focus on complex requests,4,AI Assistant Provides Tailored Responses
684,User can customize conversation flows and content without waiting for provider updates,8,Marketing Automation Leads
685,The tool provides tailored responses based on user input,0,Customized Responses Based User Input
686,"The AI assistant learns from interactions and improves accuracy over time, providing vital insights for refining customer service strategies.",4,AI Assistant Provides Tailored Responses
687,"Ai-driven chatbot provides rapid, personalized responses",1,Chatbot Personalized Responses
688,The ability to fine-tune the system to meet specific requirements has greatly improved our support efficiency.,2,Improved Response Rates
689,The ability to make changes ourselves at any time and see immediate results in the production system is a huge plus.,7,Personalized Interactions Platform
690,"The tool allows for quick and efficient implementation of changes without requiring technical knowledge, which suggests a high level of personalization and adaptability.",5,Customizable Marketing Automation
691," User-friendly interface and easy integration with Salesforce have enabled more advanced personalization templates,",7,Personalized Interactions Platform
692,Accurate and tailored responses improve customer experience,0,Customized Responses Based User Input
693,The AI assistant provides tailored responses based on customer input,4,AI Assistant Provides Tailored Responses
694,No detail,9,"The tag for this topic would be ""No Detail Topic""."
695," The tool provides tailored responses based on customer data and preferences,",0,Customized Responses Based User Input
696,No detail,9,"The tag for this topic would be ""No Detail Topic""."
697,Ability to cancel orders saves agents from returns calls/emails,8,Marketing Automation Leads
698,The tool provides personalized responses based on customer input,0,Customized Responses Based User Input
699,"The AI tool provides quick and easy customization options, allowing users to tailor the product development process to their needs.",5,Customizable Marketing Automation
700,Faster resolution times and more accurate routing of tickets,2,Improved Response Rates
701,"The tool provides personalized responses based on user input, demonstrating some level of hyperpersonalization.",0,Customized Responses Based User Input
702,The user has created a tailored question bank in Jira to address their specific issue,8,Marketing Automation Leads
703,Fast and frictionless self-service experiences for clients,2,Improved Response Rates
704,The chatbot's responses are tailored to each user's needs and preferences,1,Chatbot Personalized Responses
705,"The tool provides detailed responses to customer queries, demonstrating human-like understanding and empathy.",2,Improved Response Rates
706,The ability to create custom workflows and automate repetitive tasks allows for highly personalized experiences tailored to the user's needs.,7,Personalized Interactions Platform
707,The chatbot has helped us reduce the number of contacts and improve our average response time.,3,Chatbot Customer Satisfaction
708," Customers receive tailored responses based on their questions and preferences,",0,Customized Responses Based User Input
709,User-friendly chatbot interface allows for easy customization and personalization,1,Chatbot Personalized Responses
710,The chatbot's responses are tailored to each user's needs and preferences,1,Chatbot Personalized Responses
711,User can customize responses based on customer input,0,Customized Responses Based User Input
712,Preconfigured automations for e-commerce industry help agents focus on high-value tasks,5,Customizable Marketing Automation
713,"The tool provides detailed and timely responses to their requests, demonstrating human-like qualities.",2,Improved Response Rates
714,The AI assistant's ability to identify call intent and route calls accordingly has improved agent efficiency and reduced average handle time.,4,AI Assistant Provides Tailored Responses
715,Partnership approach with dedicated support throughout implementation and go-live,5,Customizable Marketing Automation
716,The AI tool provides tailored responses based on user input,0,Customized Responses Based User Input
717,Proactive learning approach helped reduce training time,8,Marketing Automation Leads
718,Improved response times and agent availability,2,Improved Response Rates
719,User finds the AI assistant helpful in creating new intents and editing existing ones.,4,AI Assistant Provides Tailored Responses
720,Versatile features allow for tailored responses based on user input,0,Customized Responses Based User Input
721," The tool provides tailored responses to match the tone and style of the business,",0,Customized Responses Based User Input
722,Provides tailored answers to clients' questions,0,Customized Responses Based User Input
723,"The bot provides personalized responses to user inquiries, demonstrating a high level of hyperpersonalization.",6,Personalized Bot Responses
724,Excellent customer support and new features are appreciated by users,2,Improved Response Rates
725,Tailored solutions for unique use cases,5,Customizable Marketing Automation
726,"Support team was proactive and responsive, addressing questions and concerns promptly",2,Improved Response Rates
727,"The team provides personalized tips, best practices, and troubleshooting assistance",2,Improved Response Rates
728,The bot's responses are tailored to the user's needs,6,Personalized Bot Responses
729,The AI assistant provides tailored responses based on customer history,4,AI Assistant Provides Tailored Responses
730," The virtual assistant creates customized responses tailored to each lead's needs and preferences,",4,AI Assistant Provides Tailored Responses
731,"The AI assistant provides tailored responses based on lead's behavior and preferences, leading to more effective engagement.",4,AI Assistant Provides Tailored Responses
